date,offer_id,impressions,clicks,cart_additions,orders,revenue,returns,price,stock
2026-08-23 14:35:44.238545,O0001,213,13,2,1,1735,0,2336,33
2026-08-22 14:35:44.238545,O0001,231,3,0,0,0,0,1261,70
2026-08-21 14:35:44.238545,O0001,146,8,1,0,0,0,2542,8
2026-08-20 14:35:44.238545,O0001,242,10,1,0,0,0,1306,48
2026-08-19 14:35:44.238545,O0001,157,9,1,0,0,0,2472,34
2026-08-18 14:35:44.238545,O0001,139,2,0,0,0,0,2593,31
2026-08-17 14:35:44.238545,O0001,225,11,2,0,0,0,1549,87
2026-08-16 14:35:44.238545,O0001,110,6,1,0,0,0,1921,34
2026-08-15 14:35:44.238545,O0001,361,19,1,0,0,0,2442,63
2026-08-14 14:35:44.238545,O0001,21,1,0,0,0,0,2249,68
2026-08-13 14:35:44.238545,O0001,170,10,2,0,0,0,1383,65
2026-08-12 14:35:44.238545,O0001,29,1,0,0,0,0,2493,54
2026-08-11 14:35:44.238545,O0001,107,3,0,0,0,0,2233,1
2026-08-10 14:35:44.238545,O0001,161,5,1,0,0,0,1796,14
2026-08-09 14:35:44.238545,O0001,165,7,1,0,0,0,1639,64
2026-08-08 14:35:44.238545,O0001,188,4,0,0,0,0,2139,77
2026-08-07 14:35:44.238545,O0001,207,11,2,1,2086,0,2326,41
2026-08-06 14:35:44.238545,O0001,136,5,0,0,0,0,1590,7
2026-08-05 14:35:44.238545,O0001,186,11,2,0,0,0,2190,98
2026-08-04 14:35:44.238545,O0001,272,15,2,0,0,0,2342,54
2026-08-03 14:35:44.238545,O0001,381,12,1,0,0,0,1738,51
2026-08-02 14:35:44.238545,O0001,310,12,1,0,0,0,1607,28
2026-08-01 14:35:44.238545,O0001,197,8,0,0,0,0,1245,90
2026-07-31 14:35:44.238545,O0001,135,4,1,0,0,0,2152,30
2026-07-30 14:35:44.238545,O0001,161,9,0,0,0,0,2280,60
2026-07-29 14:35:44.238545,O0001,184,10,1,0,0,0,1982,45
2026-07-28 14:35:44.238545,O0001,90,4,0,0,0,0,1301,7
2026-07-27 14:35:44.238545,O0001,112,5,0,0,0,0,2198,57
2026-07-26 14:35:44.238545,O0001,216,10,0,0,0,0,2007,70
2026-07-25 14:35:44.238545,O0001,286,15,2,0,0,0,1584,21
2026-08-23 14:35:44.238545,O0002,280,12,2,0,0,0,2482,30
2026-08-22 14:35:44.238545,O0002,3,0,0,0,0,0,2368,10
2026-08-21 14:35:44.238545,O0002,75,3,0,0,0,0,2471,91
2026-08-20 14:35:44.238545,O0002,152,7,1,0,0,0,1747,96
2026-08-19 14:35:44.238545,O0002,191,7,0,0,0,0,1250,68
2026-08-18 14:35:44.238545,O0002,196,10,2,0,0,0,1856,36
2026-08-17 14:35:44.238545,O0002,273,17,2,0,0,0,2183,1
2026-08-16 14:35:44.238545,O0002,123,2,0,0,0,0,1641,14
2026-08-15 14:35:44.238545,O0002,294,7,1,0,0,0,2569,43
2026-08-14 14:35:44.238545,O0002,216,13,2,1,1104,0,1967,35
2026-08-13 14:35:44.238545,O0002,257,11,3,1,1330,0,2229,90
2026-08-12 14:35:44.238545,O0002,168,6,1,0,0,0,2217,4
2026-08-11 14:35:44.238545,O0002,240,5,0,0,0,0,1846,5
2026-08-10 14:35:44.238545,O0002,229,7,1,0,0,0,1932,79
2026-08-09 14:35:44.238545,O0002,179,1,0,0,0,0,1944,3
2026-08-08 14:35:44.238545,O0002,267,18,3,0,0,0,1608,34
2026-08-07 14:35:44.238545,O0002,255,15,2,0,0,0,1555,25
2026-08-06 14:35:44.238545,O0002,220,5,0,0,0,0,1556,3
2026-08-05 14:35:44.238545,O0002,131,3,0,0,0,0,1819,82
2026-08-04 14:35:44.238545,O0002,44,1,0,0,0,0,1336,33
2026-08-03 14:35:44.238545,O0002,280,20,3,1,1889,0,1742,55
2026-08-02 14:35:44.238545,O0002,95,2,0,0,0,0,1190,90
2026-08-01 14:35:44.238545,O0002,79,3,0,0,0,0,1503,46
2026-07-31 14:35:44.238545,O0002,0,0,0,0,0,0,1355,92
2026-07-30 14:35:44.238545,O0002,266,7,0,0,0,0,1705,70
2026-07-29 14:35:44.238545,O0002,245,12,2,0,0,0,2360,72
2026-07-28 14:35:44.238545,O0002,144,8,1,0,0,0,2287,77
2026-07-27 14:35:44.238545,O0002,123,3,0,0,0,0,1447,84
2026-07-26 14:35:44.238545,O0002,273,13,1,0,0,0,2477,39
2026-07-25 14:35:44.238545,O0002,189,9,1,0,0,0,2351,98
2026-08-23 14:35:44.238545,O0003,25,1,0,0,0,0,2013,20
2026-08-22 14:35:44.238545,O0003,175,4,0,0,0,0,1667,98
2026-08-21 14:35:44.238545,O0003,197,4,0,0,0,0,1685,30
2026-08-20 14:35:44.238545,O0003,169,8,1,0,0,0,1884,88
2026-08-19 14:35:44.238545,O0003,215,10,1,0,0,0,1951,7
2026-08-18 14:35:44.238545,O0003,205,11,2,0,0,0,1140,97
2026-08-17 14:35:44.238545,O0003,88,2,0,0,0,0,1958,68
2026-08-16 14:35:44.238545,O0003,178,3,0,0,0,0,1658,55
2026-08-15 14:35:44.238545,O0003,91,3,0,0,0,0,1438,59
2026-08-14 14:35:44.238545,O0003,401,7,0,0,0,0,2255,84
2026-08-13 14:35:44.238545,O0003,307,13,2,1,1102,0,1770,27
2026-08-12 14:35:44.238545,O0003,101,4,0,0,0,0,1616,10
2026-08-11 14:35:44.238545,O0003,32,1,0,0,0,0,2431,8
2026-08-10 14:35:44.238545,O0003,205,3,0,0,0,0,1141,79
2026-08-09 14:35:44.238545,O0003,206,9,1,0,0,0,2052,89
2026-08-08 14:35:44.238545,O0003,176,9,0,0,0,0,1334,99
2026-08-07 14:35:44.238545,O0003,278,1,0,0,0,0,2279,86
2026-08-06 14:35:44.238545,O0003,253,8,1,0,0,0,2514,80
2026-08-05 14:35:44.238545,O0003,186,11,1,1,1247,0,2259,100
2026-08-04 14:35:44.238545,O0003,287,12,1,0,0,0,1798,1
2026-08-03 14:35:44.238545,O0003,277,4,1,0,0,0,2041,90
2026-08-02 14:35:44.238545,O0003,212,10,0,0,0,0,2202,99
2026-08-01 14:35:44.238545,O0003,84,3,0,0,0,0,1277,35
2026-07-31 14:35:44.238545,O0003,229,7,0,0,0,0,1788,3
2026-07-30 14:35:44.238545,O0003,100,4,0,0,0,0,1797,35
2026-07-29 14:35:44.238545,O0003,282,6,0,0,0,0,1275,30
2026-07-28 14:35:44.238545,O0003,160,3,0,0,0,0,2557,62
2026-07-27 14:35:44.238545,O0003,164,6,0,0,0,0,1727,84
2026-07-26 14:35:44.238545,O0003,91,2,0,0,0,0,1777,45
2026-07-25 14:35:44.238545,O0003,159,4,0,0,0,0,1746,15
2026-08-23 14:35:44.238545,O0004,126,5,1,0,0,0,1333,8
2026-08-22 14:35:44.238545,O0004,151,6,0,0,0,0,2252,38
2026-08-21 14:35:44.238545,O0004,238,10,1,0,0,0,2366,28
2026-08-20 14:35:44.238545,O0004,194,4,0,0,0,0,1978,39
2026-08-19 14:35:44.238545,O0004,151,5,0,0,0,0,2381,27
2026-08-18 14:35:44.238545,O0004,176,8,1,0,0,0,1105,52
2026-08-17 14:35:44.238545,O0004,64,2,0,0,0,0,1679,89
2026-08-16 14:35:44.238545,O0004,201,7,1,0,0,0,2307,84
2026-08-15 14:35:44.238545,O0004,199,6,1,0,0,0,1644,18
2026-08-14 14:35:44.238545,O0004,228,10,1,1,2165,0,1999,15
2026-08-13 14:35:44.238545,O0004,104,4,0,0,0,0,2111,56
2026-08-12 14:35:44.238545,O0004,202,8,0,0,0,0,1152,11
2026-08-11 14:35:44.238545,O0004,197,12,2,0,0,0,2476,34
2026-08-10 14:35:44.238545,O0004,44,1,0,0,0,0,1669,23
2026-08-09 14:35:44.238545,O0004,276,10,2,0,0,0,1812,52
2026-08-08 14:35:44.238545,O0004,112,6,1,0,0,0,2114,36
2026-08-07 14:35:44.238545,O0004,132,3,0,0,0,0,1744,32
2026-08-06 14:35:44.238545,O0004,74,5,0,0,0,0,2446,69
2026-08-05 14:35:44.238545,O0004,150,6,0,0,0,0,2380,56
2026-08-04 14:35:44.238545,O0004,183,5,0,0,0,0,2530,62
2026-08-03 14:35:44.238545,O0004,354,24,3,1,1324,0,1128,70
2026-08-02 14:35:44.238545,O0004,126,5,0,0,0,0,2426,19
2026-08-01 14:35:44.238545,O0004,37,1,0,0,0,0,2067,31
2026-07-31 14:35:44.238545,O0004,131,5,0,0,0,0,1242,35
2026-07-30 14:35:44.238545,O0004,205,2,0,0,0,0,1105,36
2026-07-29 14:35:44.238545,O0004,154,1,0,0,0,0,2014,68
2026-07-28 14:35:44.238545,O0004,99,4,0,0,0,0,1486,89
2026-07-27 14:35:44.238545,O0004,186,10,1,0,0,0,2068,90
2026-07-26 14:35:44.238545,O0004,255,8,2,0,0,0,1411,63
2026-07-25 14:35:44.238545,O0004,225,8,1,0,0,0,2001,12
2026-08-23 14:35:44.238545,O0005,189,3,0,0,0,0,1159,5
2026-08-22 14:35:44.238545,O0005,166,7,0,0,0,0,2187,52
2026-08-21 14:35:44.238545,O0005,33,0,0,0,0,0,2369,87
2026-08-20 14:35:44.238545,O0005,191,13,2,1,1520,0,2465,1
2026-08-19 14:35:44.238545,O0005,261,7,0,0,0,0,2004,44
2026-08-18 14:35:44.238545,O0005,255,9,2,0,0,0,1718,25
2026-08-17 14:35:44.238545,O0005,356,14,2,1,1735,0,2532,37
2026-08-16 14:35:44.238545,O0005,347,15,2,0,0,0,1200,77
2026-08-15 14:35:44.238545,O0005,174,2,0,0,0,0,2343,45
2026-08-14 14:35:44.238545,O0005,191,9,1,0,0,0,2494,17
2026-08-13 14:35:44.238545,O0005,45,0,0,0,0,0,1168,74
2026-08-12 14:35:44.238545,O0005,148,6,1,0,0,0,1459,25
2026-08-11 14:35:44.238545,O0005,255,13,3,0,0,0,1436,32
2026-08-10 14:35:44.238545,O0005,365,7,1,0,0,0,1335,59
2026-08-09 14:35:44.238545,O0005,228,8,2,0,0,0,2481,50
2026-08-08 14:35:44.238545,O0005,339,11,0,1,1028,0,1353,58
2026-08-07 14:35:44.238545,O0005,78,4,0,0,0,0,1860,13
2026-08-06 14:35:44.238545,O0005,133,3,0,0,0,0,2349,28
2026-08-05 14:35:44.238545,O0005,103,2,0,0,0,0,1936,14
2026-08-04 14:35:44.238545,O0005,318,21,2,1,1199,0,2200,17
2026-08-03 14:35:44.238545,O0005,113,5,1,0,0,0,1958,75
2026-08-02 14:35:44.238545,O0005,177,5,0,0,0,0,2360,52
2026-08-01 14:35:44.238545,O0005,247,8,1,0,0,0,1583,46
2026-07-31 14:35:44.238545,O0005,291,15,0,0,0,0,1224,50
2026-07-30 14:35:44.238545,O0005,141,11,2,0,0,0,2457,27
2026-07-29 14:35:44.238545,O0005,103,2,0,0,0,0,1357,100
2026-07-28 14:35:44.238545,O0005,148,5,0,0,0,0,1577,42
2026-07-27 14:35:44.238545,O0005,204,2,0,0,0,0,1366,69
2026-07-26 14:35:44.238545,O0005,179,8,1,0,0,0,1833,100
2026-07-25 14:35:44.238545,O0005,186,9,1,0,0,0,2177,14
2026-08-23 14:35:44.238545,O0006,47,3,0,0,0,0,1981,12
2026-08-22 14:35:44.238545,O0006,191,6,0,0,0,0,2576,27
2026-08-21 14:35:44.238545,O0006,9,0,0,0,0,0,1951,93
2026-08-20 14:35:44.238545,O0006,258,12,1,0,0,0,2506,60
2026-08-19 14:35:44.238545,O0006,335,17,3,1,1763,0,2239,7
2026-08-18 14:35:44.238545,O0006,81,2,0,0,0,0,2462,96
2026-08-17 14:35:44.238545,O0006,2,0,0,0,0,0,1820,13
2026-08-16 14:35:44.238545,O0006,125,4,0,0,0,0,1817,71
2026-08-15 14:35:44.238545,O0006,77,4,0,0,0,0,2373,78
2026-08-14 14:35:44.238545,O0006,127,2,0,0,0,0,1647,3
2026-08-13 14:35:44.238545,O0006,239,14,1,1,1012,0,1393,72
2026-08-12 14:35:44.238545,O0006,161,5,0,0,0,0,2186,27
2026-08-11 14:35:44.238545,O0006,109,5,0,0,0,0,2262,76
2026-08-10 14:35:44.238545,O0006,205,8,1,0,0,0,1267,34
2026-08-09 14:35:44.238545,O0006,91,4,0,0,0,0,2149,14
2026-08-08 14:35:44.238545,O0006,155,7,0,0,0,0,2466,39
2026-08-07 14:35:44.238545,O0006,266,11,1,0,0,0,1532,98
2026-08-06 14:35:44.238545,O0006,224,10,1,0,0,0,1459,16
2026-08-05 14:35:44.238545,O0006,77,4,0,0,0,0,1247,50
2026-08-04 14:35:44.238545,O0006,197,7,2,0,0,0,2279,54
2026-08-03 14:35:44.238545,O0006,53,1,0,0,0,0,1765,21
2026-08-02 14:35:44.238545,O0006,219,4,0,0,0,0,1994,13
2026-08-01 14:35:44.238545,O0006,185,11,1,0,0,0,1795,28
2026-07-31 14:35:44.238545,O0006,152,7,0,0,0,0,1497,99
2026-07-30 14:35:44.238545,O0006,95,5,1,0,0,0,1310,18
2026-07-29 14:35:44.238545,O0006,177,8,1,0,0,0,1462,98
2026-07-28 14:35:44.238545,O0006,110,3,0,0,0,0,2256,82
2026-07-27 14:35:44.238545,O0006,96,2,0,0,0,0,2000,8
2026-07-26 14:35:44.238545,O0006,55,2,0,0,0,0,2139,9
2026-07-25 14:35:44.238545,O0006,143,7,1,0,0,0,2420,11
2026-08-23 14:35:44.238545,O0007,115,6,1,0,0,0,1775,12
2026-08-22 14:35:44.238545,O0007,96,3,0,0,0,0,1407,42
2026-08-21 14:35:44.238545,O0007,295,15,3,0,0,0,2530,84
2026-08-20 14:35:44.238545,O0007,85,4,0,0,0,0,2417,42
2026-08-19 14:35:44.238545,O0007,231,4,0,0,0,0,2178,11
2026-08-18 14:35:44.238545,O0007,122,3,0,0,0,0,1538,43
2026-08-17 14:35:44.238545,O0007,278,9,1,0,0,0,1705,100
2026-08-16 14:35:44.238545,O0007,304,16,3,0,0,0,2455,43
2026-08-15 14:35:44.238545,O0007,269,6,0,0,0,0,2518,98
2026-08-14 14:35:44.238545,O0007,42,0,0,0,0,0,2485,92
2026-08-13 14:35:44.238545,O0007,187,10,1,1,1919,0,1589,39
2026-08-12 14:35:44.238545,O0007,333,11,2,0,0,0,2268,56
2026-08-11 14:35:44.238545,O0007,108,4,0,0,0,0,1508,77
2026-08-10 14:35:44.238545,O0007,224,10,0,0,0,0,1310,91
2026-08-09 14:35:44.238545,O0007,279,4,0,0,0,0,2020,65
2026-08-08 14:35:44.238545,O0007,238,12,2,0,0,0,1815,3
2026-08-07 14:35:44.238545,O0007,102,4,0,0,0,0,1867,28
2026-08-06 14:35:44.238545,O0007,384,17,3,0,0,0,1381,4
2026-08-05 14:35:44.238545,O0007,141,9,1,0,0,0,2060,57
2026-08-04 14:35:44.238545,O0007,33,0,0,0,0,0,2223,93
2026-08-03 14:35:44.238545,O0007,106,3,0,0,0,0,1197,30
2026-08-02 14:35:44.238545,O0007,39,2,0,0,0,0,2322,68
2026-08-01 14:35:44.238545,O0007,287,12,1,0,0,0,1103,78
2026-07-31 14:35:44.238545,O0007,109,6,1,0,0,0,1838,8
2026-07-30 14:35:44.238545,O0007,288,9,1,0,0,0,1899,60
2026-07-29 14:35:44.238545,O0007,265,11,0,1,1731,0,1806,30
2026-07-28 14:35:44.238545,O0007,166,3,0,0,0,0,1373,5
2026-07-27 14:35:44.238545,O0007,130,6,0,0,0,0,2051,89
2026-07-26 14:35:44.238545,O0007,123,5,1,0,0,0,1175,37
2026-07-25 14:35:44.238545,O0007,227,14,2,0,0,0,2155,50
2026-08-23 14:35:44.238545,O0008,103,3,0,0,0,0,2013,77
2026-08-22 14:35:44.238545,O0008,169,5,0,0,0,0,1822,78
2026-08-21 14:35:44.238545,O0008,252,10,3,0,0,0,2474,81
2026-08-20 14:35:44.238545,O0008,90,4,0,0,0,0,1392,77
2026-08-19 14:35:44.238545,O0008,137,3,0,0,0,0,1850,46
2026-08-18 14:35:44.238545,O0008,93,4,0,0,0,0,1861,56
2026-08-17 14:35:44.238545,O0008,189,3,0,0,0,0,1670,31
2026-08-16 14:35:44.238545,O0008,199,7,1,0,0,0,1341,33
2026-08-15 14:35:44.238545,O0008,201,3,0,0,0,0,2105,25
2026-08-14 14:35:44.238545,O0008,306,18,0,1,1911,0,2496,40
2026-08-13 14:35:44.238545,O0008,110,2,0,0,0,0,1422,91
2026-08-12 14:35:44.238545,O0008,144,2,0,0,0,0,1348,25
2026-08-11 14:35:44.238545,O0008,197,5,0,0,0,0,1855,59
2026-08-10 14:35:44.238545,O0008,217,4,0,0,0,0,1915,91
2026-08-09 14:35:44.238545,O0008,158,3,0,0,0,0,1356,40
2026-08-08 14:35:44.238545,O0008,118,3,0,0,0,0,2410,75
2026-08-07 14:35:44.238545,O0008,277,20,0,1,1113,0,2161,19
2026-08-06 14:35:44.238545,O0008,162,7,1,0,0,0,1681,10
2026-08-05 14:35:44.238545,O0008,179,10,1,0,0,0,2358,68
2026-08-04 14:35:44.238545,O0008,287,14,1,0,0,0,2449,79
2026-08-03 14:35:44.238545,O0008,157,3,0,0,0,0,1266,5
2026-08-02 14:35:44.238545,O0008,326,10,1,0,0,0,1953,79
2026-08-01 14:35:44.238545,O0008,112,2,0,0,0,0,2089,31
2026-07-31 14:35:44.238545,O0008,226,4,0,0,0,0,1423,56
2026-07-30 14:35:44.238545,O0008,93,4,0,0,0,0,1753,93
2026-07-29 14:35:44.238545,O0008,262,10,0,0,0,0,2250,13
2026-07-28 14:35:44.238545,O0008,137,7,1,0,0,0,1203,37
2026-07-27 14:35:44.238545,O0008,349,10,0,0,0,0,1770,73
2026-07-26 14:35:44.238545,O0008,169,5,1,0,0,0,2121,39
2026-07-25 14:35:44.238545,O0008,140,5,0,0,0,0,1540,74
2026-08-23 14:35:44.238545,O0009,0,0,0,0,0,0,1507,77
2026-08-22 14:35:44.238545,O0009,74,2,0,0,0,0,2070,66
2026-08-21 14:35:44.238545,O0009,61,2,0,0,0,0,1752,20
2026-08-20 14:35:44.238545,O0009,82,4,0,0,0,0,2143,68
2026-08-19 14:35:44.238545,O0009,64,2,0,0,0,0,2479,14
2026-08-18 14:35:44.238545,O0009,298,11,2,0,0,0,2388,3
2026-08-17 14:35:44.238545,O0009,122,4,0,0,0,0,2282,29
2026-08-16 14:35:44.238545,O0009,158,3,0,0,0,0,1878,18
2026-08-15 14:35:44.238545,O0009,209,6,0,0,0,0,1138,56
2026-08-14 14:35:44.238545,O0009,159,7,0,0,0,0,2065,94
2026-08-13 14:35:44.238545,O0009,160,2,0,0,0,0,2079,67
2026-08-12 14:35:44.238545,O0009,18,1,0,0,0,0,1825,86
2026-08-11 14:35:44.238545,O0009,199,3,0,0,0,0,2091,24
2026-08-10 14:35:44.238545,O0009,250,9,1,1,1609,0,2543,26
2026-08-09 14:35:44.238545,O0009,141,3,0,0,0,0,1660,36
2026-08-08 14:35:44.238545,O0009,277,15,0,1,1706,0,1399,37
2026-08-07 14:35:44.238545,O0009,396,19,5,1,2343,0,2081,27
2026-08-06 14:35:44.238545,O0009,213,12,2,0,0,0,1323,78
2026-08-05 14:35:44.238545,O0009,176,5,1,0,0,0,2406,29
2026-08-04 14:35:44.238545,O0009,267,12,1,0,0,0,1110,70
2026-08-03 14:35:44.238545,O0009,232,8,0,0,0,0,2077,83
2026-08-02 14:35:44.238545,O0009,252,19,2,1,1183,0,1575,68
2026-08-01 14:35:44.238545,O0009,167,1,0,0,0,0,1460,4
2026-07-31 14:35:44.238545,O0009,270,10,0,0,0,0,1176,1
2026-07-30 14:35:44.238545,O0009,143,8,1,0,0,0,2413,69
2026-07-29 14:35:44.238545,O0009,0,0,0,0,0,0,1494,14
2026-07-28 14:35:44.238545,O0009,109,6,0,0,0,0,1790,37
2026-07-27 14:35:44.238545,O0009,42,1,0,0,0,0,1975,65
2026-07-26 14:35:44.238545,O0009,137,7,2,0,0,0,1762,31
2026-07-25 14:35:44.238545,O0009,268,10,1,0,0,0,1718,74
2026-08-23 14:35:44.238545,O0010,249,4,0,0,0,0,2176,57
2026-08-22 14:35:44.238545,O0010,96,3,0,0,0,0,2135,25
2026-08-21 14:35:44.238545,O0010,133,4,0,0,0,0,2493,26
2026-08-20 14:35:44.238545,O0010,158,3,0,0,0,0,2028,16
2026-08-19 14:35:44.238545,O0010,80,3,0,0,0,0,2581,2
2026-08-18 14:35:44.238545,O0010,48,2,0,0,0,0,1967,44
2026-08-17 14:35:44.238545,O0010,145,3,0,0,0,0,1164,36
2026-08-16 14:35:44.238545,O0010,50,2,0,0,0,0,1960,47
2026-08-15 14:35:44.238545,O0010,268,10,2,0,0,0,1264,87
2026-08-14 14:35:44.238545,O0010,358,11,2,1,1242,0,2200,50
2026-08-13 14:35:44.238545,O0010,37,1,0,0,0,0,1711,59
2026-08-12 14:35:44.238545,O0010,127,2,0,0,0,0,2043,44
2026-08-11 14:35:44.238545,O0010,212,10,2,0,0,0,2452,53
2026-08-10 14:35:44.238545,O0010,21,0,0,0,0,0,1306,76
2026-08-09 14:35:44.238545,O0010,298,13,2,0,0,0,1923,56
2026-08-08 14:35:44.238545,O0010,186,9,1,0,0,0,1692,29
2026-08-07 14:35:44.238545,O0010,238,4,0,0,0,0,1756,30
2026-08-06 14:35:44.238545,O0010,164,7,0,0,0,0,1663,7
2026-08-05 14:35:44.238545,O0010,67,2,0,0,0,0,1974,71
2026-08-04 14:35:44.238545,O0010,0,0,0,0,0,0,1752,89
2026-08-03 14:35:44.238545,O0010,135,5,0,0,0,0,1593,28
2026-08-02 14:35:44.238545,O0010,135,8,1,0,0,0,1945,53
2026-08-01 14:35:44.238545,O0010,134,4,0,0,0,0,1261,57
2026-07-31 14:35:44.238545,O0010,202,6,0,0,0,0,1872,86
2026-07-30 14:35:44.238545,O0010,159,5,1,0,0,0,2583,85
2026-07-29 14:35:44.238545,O0010,84,2,0,0,0,0,1533,24
2026-07-28 14:35:44.238545,O0010,223,8,1,0,0,0,2524,77
2026-07-27 14:35:44.238545,O0010,154,3,0,0,0,0,1879,59
2026-07-26 14:35:44.238545,O0010,96,3,0,0,0,0,2054,12
2026-07-25 14:35:44.238545,O0010,226,3,0,0,0,0,1859,40
2026-08-23 14:35:44.238545,O0011,0,0,0,0,0,0,2173,4
2026-08-22 14:35:44.238545,O0011,198,6,1,0,0,0,1944,17
2026-08-21 14:35:44.238545,O0011,215,6,0,0,0,0,2033,47
2026-08-20 14:35:44.238545,O0011,299,14,3,0,0,0,2099,2
2026-08-19 14:35:44.238545,O0011,293,11,2,0,0,0,2197,36
2026-08-18 14:35:44.238545,O0011,343,14,1,0,0,0,1319,12
2026-08-17 14:35:44.238545,O0011,113,4,0,0,0,0,1647,50
2026-08-16 14:35:44.238545,O0011,380,22,2,1,2427,0,2500,10
2026-08-15 14:35:44.238545,O0011,78,1,0,0,0,0,1872,70
2026-08-14 14:35:44.238545,O0011,53,2,0,0,0,0,2420,100
2026-08-13 14:35:44.238545,O0011,58,4,1,0,0,0,1570,27
2026-08-12 14:35:44.238545,O0011,292,7,0,0,0,0,2501,35
2026-08-11 14:35:44.238545,O0011,273,7,2,0,0,0,1132,26
2026-08-10 14:35:44.238545,O0011,51,1,0,0,0,0,1712,20
2026-08-09 14:35:44.238545,O0011,72,2,0,0,0,0,1779,49
2026-08-08 14:35:44.238545,O0011,181,5,1,0,0,0,1808,6
2026-08-07 14:35:44.238545,O0011,233,10,2,0,0,0,2319,50
2026-08-06 14:35:44.238545,O0011,258,9,0,0,0,0,2104,29
2026-08-05 14:35:44.238545,O0011,47,3,0,0,0,0,1878,10
2026-08-04 14:35:44.238545,O0011,190,5,0,0,0,0,1415,48
2026-08-03 14:35:44.238545,O0011,149,2,0,0,0,0,1287,0
2026-08-02 14:35:44.238545,O0011,271,9,1,0,0,0,1483,55
2026-08-01 14:35:44.238545,O0011,71,3,0,0,0,0,2235,11
2026-07-31 14:35:44.238545,O0011,50,1,0,0,0,0,1894,99
2026-07-30 14:35:44.238545,O0011,346,19,5,0,0,0,2167,21
2026-07-29 14:35:44.238545,O0011,158,4,0,0,0,0,1229,21
2026-07-28 14:35:44.238545,O0011,93,4,0,0,0,0,1605,92
2026-07-27 14:35:44.238545,O0011,94,2,0,0,0,0,1113,50
2026-07-26 14:35:44.238545,O0011,118,6,1,0,0,0,1981,83
2026-07-25 14:35:44.238545,O0011,228,8,0,1,1411,0,1463,50
2026-08-23 14:35:44.238545,O0012,179,8,0,0,0,0,2324,61
2026-08-22 14:35:44.238545,O0012,83,2,0,0,0,0,2213,4
2026-08-21 14:35:44.238545,O0012,201,5,1,0,0,0,1274,13
2026-08-20 14:35:44.238545,O0012,195,3,0,0,0,0,2253,82
2026-08-19 14:35:44.238545,O0012,139,3,0,0,0,0,1316,1
2026-08-18 14:35:44.238545,O0012,231,10,1,0,0,0,2278,28
2026-08-17 14:35:44.238545,O0012,95,4,0,0,0,0,1408,44
2026-08-16 14:35:44.238545,O0012,283,11,1,1,1175,0,2595,18
2026-08-15 14:35:44.238545,O0012,132,6,1,0,0,0,2075,12
2026-08-14 14:35:44.238545,O0012,51,2,0,0,0,0,1335,2
2026-08-13 14:35:44.238545,O0012,255,5,0,0,0,0,2156,22
2026-08-12 14:35:44.238545,O0012,103,3,0,0,0,0,2389,23
2026-08-11 14:35:44.238545,O0012,231,13,1,1,1404,0,1979,49
2026-08-10 14:35:44.238545,O0012,242,9,1,0,0,0,2282,13
2026-08-09 14:35:44.238545,O0012,214,4,0,0,0,0,1637,85
2026-08-08 14:35:44.238545,O0012,251,6,0,0,0,0,1903,75
2026-08-07 14:35:44.238545,O0012,243,11,1,0,0,0,2545,38
2026-08-06 14:35:44.238545,O0012,284,8,1,0,0,0,1725,14
2026-08-05 14:35:44.238545,O0012,236,14,1,0,0,0,2277,49
2026-08-04 14:35:44.238545,O0012,87,4,0,0,0,0,2236,21
2026-08-03 14:35:44.238545,O0012,130,5,0,0,0,0,1835,1
2026-08-02 14:35:44.238545,O0012,120,4,0,0,0,0,2113,52
2026-08-01 14:35:44.238545,O0012,142,3,0,0,0,0,2257,3
2026-07-31 14:35:44.238545,O0012,198,5,1,0,0,0,1444,99
2026-07-30 14:35:44.238545,O0012,37,1,0,0,0,0,2272,14
2026-07-29 14:35:44.238545,O0012,167,9,2,0,0,0,2572,56
2026-07-28 14:35:44.238545,O0012,0,0,0,0,0,0,1709,4
2026-07-27 14:35:44.238545,O0012,100,4,0,0,0,0,1585,26
2026-07-26 14:35:44.238545,O0012,224,4,0,0,0,0,1976,21
2026-07-25 14:35:44.238545,O0012,62,1,0,0,0,0,1818,68
2026-08-23 14:35:44.238545,O0013,119,3,0,0,0,0,1925,65
2026-08-22 14:35:44.238545,O0013,179,3,0,0,0,0,1770,74
2026-08-21 14:35:44.238545,O0013,335,13,1,0,0,0,2400,85
2026-08-20 14:35:44.238545,O0013,122,1,0,0,0,0,1533,63
2026-08-19 14:35:44.238545,O0013,160,10,1,0,0,0,2093,100
2026-08-18 14:35:44.238545,O0013,104,6,1,0,0,0,1133,15
2026-08-17 14:35:44.238545,O0013,227,8,0,0,0,0,1514,88
2026-08-16 14:35:44.238545,O0013,336,7,0,0,0,0,1291,83
2026-08-15 14:35:44.238545,O0013,156,6,0,0,0,0,1911,80
2026-08-14 14:35:44.238545,O0013,132,8,1,0,0,0,1294,0
2026-08-13 14:35:44.238545,O0013,188,8,0,0,0,0,1119,1
2026-08-12 14:35:44.238545,O0013,124,1,0,0,0,0,2078,9
2026-08-11 14:35:44.238545,O0013,185,8,1,0,0,0,1712,17
2026-08-10 14:35:44.238545,O0013,57,3,0,0,0,0,1392,8
2026-08-09 14:35:44.238545,O0013,168,6,0,0,0,0,1536,80
2026-08-08 14:35:44.238545,O0013,177,1,0,0,0,0,1277,12
2026-08-07 14:35:44.238545,O0013,209,9,1,0,0,0,1744,17
2026-08-06 14:35:44.238545,O0013,181,11,1,1,2476,0,2514,3
2026-08-05 14:35:44.238545,O0013,256,5,0,0,0,0,1486,95
2026-08-04 14:35:44.238545,O0013,79,4,0,0,0,0,2113,49
2026-08-03 14:35:44.238545,O0013,260,13,1,0,0,0,1839,40
2026-08-02 14:35:44.238545,O0013,300,18,1,0,0,0,1453,97
2026-08-01 14:35:44.238545,O0013,0,0,0,0,0,0,1636,27
2026-07-31 14:35:44.238545,O0013,210,8,1,0,0,0,2559,64
2026-07-30 14:35:44.238545,O0013,190,4,0,0,0,0,2361,19
2026-07-29 14:35:44.238545,O0013,166,8,0,0,0,0,2198,41
2026-07-28 14:35:44.238545,O0013,81,4,0,0,0,0,1735,89
2026-07-27 14:35:44.238545,O0013,0,0,0,0,0,0,1337,58
2026-07-26 14:35:44.238545,O0013,156,5,0,0,0,0,1344,1
2026-07-25 14:35:44.238545,O0013,143,2,0,0,0,0,2159,100
2026-08-23 14:35:44.238545,O0014,223,7,0,0,0,0,1466,4
2026-08-22 14:35:44.238545,O0014,0,0,0,0,0,0,1608,53
2026-08-21 14:35:44.238545,O0014,248,8,1,0,0,0,2128,86
2026-08-20 14:35:44.238545,O0014,226,7,1,0,0,0,1241,59
2026-08-19 14:35:44.238545,O0014,283,5,0,0,0,0,1116,47
2026-08-18 14:35:44.238545,O0014,215,12,1,1,1950,0,2110,98
2026-08-17 14:35:44.238545,O0014,203,3,0,0,0,0,1113,52
2026-08-16 14:35:44.238545,O0014,291,12,1,0,0,0,1786,0
2026-08-15 14:35:44.238545,O0014,184,4,0,0,0,0,2185,30
2026-08-14 14:35:44.238545,O0014,0,0,0,0,0,0,1290,5
2026-08-13 14:35:44.238545,O0014,348,8,0,0,0,0,2038,95
2026-08-12 14:35:44.238545,O0014,214,9,2,0,0,0,2312,72
2026-08-11 14:35:44.238545,O0014,302,14,2,1,1645,0,1904,89
2026-08-10 14:35:44.238545,O0014,219,6,0,0,0,0,1378,99
2026-08-09 14:35:44.238545,O0014,185,6,1,0,0,0,1932,15
2026-08-08 14:35:44.238545,O0014,0,0,0,0,0,0,1345,11
2026-08-07 14:35:44.238545,O0014,255,15,3,0,0,0,1540,41
2026-08-06 14:35:44.238545,O0014,264,15,3,0,0,0,2486,38
2026-08-05 14:35:44.238545,O0014,162,13,2,0,0,0,2238,95
2026-08-04 14:35:44.238545,O0014,141,5,1,0,0,0,1124,7
2026-08-03 14:35:44.238545,O0014,303,1,0,0,0,0,2505,80
2026-08-02 14:35:44.238545,O0014,214,8,0,0,0,0,1144,8
2026-08-01 14:35:44.238545,O0014,221,13,2,0,0,0,1350,5
2026-07-31 14:35:44.238545,O0014,207,7,1,0,0,0,1908,63
2026-07-30 14:35:44.238545,O0014,314,13,2,1,1383,0,2013,19
2026-07-29 14:35:44.238545,O0014,302,13,2,1,1843,0,2081,7
2026-07-28 14:35:44.238545,O0014,255,12,1,0,0,0,1610,80
2026-07-27 14:35:44.238545,O0014,292,11,2,0,0,0,1835,61
2026-07-26 14:35:44.238545,O0014,80,2,0,0,0,0,1653,23
2026-07-25 14:35:44.238545,O0014,299,12,3,0,0,0,1219,60
2026-08-23 14:35:44.238545,O0015,134,4,1,0,0,0,2210,39
2026-08-22 14:35:44.238545,O0015,191,8,1,0,0,0,2178,61
2026-08-21 14:35:44.238545,O0015,381,15,2,1,2468,0,1762,7
2026-08-20 14:35:44.238545,O0015,298,12,2,0,0,0,1847,9
2026-08-19 14:35:44.238545,O0015,29,1,0,0,0,0,1760,17
2026-08-18 14:35:44.238545,O0015,324,11,0,0,0,0,2429,40
2026-08-17 14:35:44.238545,O0015,288,21,2,0,0,0,1557,85
2026-08-16 14:35:44.238545,O0015,132,4,0,0,0,0,1463,93
2026-08-15 14:35:44.238545,O0015,320,12,0,0,0,0,1166,23
2026-08-14 14:35:44.238545,O0015,17,0,0,0,0,0,1313,63
2026-08-13 14:35:44.238545,O0015,274,16,2,2,2686,0,1281,90
2026-08-12 14:35:44.238545,O0015,109,2,0,0,0,0,1611,88
2026-08-11 14:35:44.238545,O0015,243,10,1,0,0,0,1997,93
2026-08-10 14:35:44.238545,O0015,132,5,0,0,0,0,2218,48
2026-08-09 14:35:44.238545,O0015,262,13,2,0,0,0,1561,20
2026-08-08 14:35:44.238545,O0015,26,1,0,0,0,0,1314,9
2026-08-07 14:35:44.238545,O0015,77,5,0,0,0,0,1792,76
2026-08-06 14:35:44.238545,O0015,369,13,1,0,0,0,1437,77
2026-08-05 14:35:44.238545,O0015,220,7,1,0,0,0,1938,89
2026-08-04 14:35:44.238545,O0015,0,0,0,0,0,0,1586,12
2026-08-03 14:35:44.238545,O0015,291,13,2,0,0,0,1107,54
2026-08-02 14:35:44.238545,O0015,322,17,1,0,0,0,1152,26
2026-08-01 14:35:44.238545,O0015,215,10,2,0,0,0,1914,60
2026-07-31 14:35:44.238545,O0015,47,1,0,0,0,0,1859,48
2026-07-30 14:35:44.238545,O0015,113,5,0,0,0,0,1650,72
2026-07-29 14:35:44.238545,O0015,319,15,2,0,0,0,2208,52
2026-07-28 14:35:44.238545,O0015,298,10,0,0,0,0,1957,68
2026-07-27 14:35:44.238545,O0015,98,0,0,0,0,0,1261,50
2026-07-26 14:35:44.238545,O0015,296,7,0,0,0,0,2487,79
2026-07-25 14:35:44.238545,O0015,312,21,0,1,1342,0,1494,16
2026-08-23 14:35:44.238545,O0016,370,10,1,0,0,0,2196,44
2026-08-22 14:35:44.238545,O0016,230,7,0,0,0,0,1176,22
2026-08-21 14:35:44.238545,O0016,172,8,0,0,0,0,1910,42
2026-08-20 14:35:44.238545,O0016,169,6,0,0,0,0,1141,43
2026-08-19 14:35:44.238545,O0016,211,5,0,0,0,0,2502,12
2026-08-18 14:35:44.238545,O0016,243,9,1,0,0,0,1651,93
2026-08-17 14:35:44.238545,O0016,67,3,0,0,0,0,2092,97
2026-08-16 14:35:44.238545,O0016,93,3,0,0,0,0,1737,90
2026-08-15 14:35:44.238545,O0016,131,5,1,0,0,0,1455,24
2026-08-14 14:35:44.238545,O0016,222,7,1,0,0,0,1838,90
2026-08-13 14:35:44.238545,O0016,207,11,1,0,0,0,2495,3
2026-08-12 14:35:44.238545,O0016,185,10,0,0,0,0,2301,70
2026-08-11 14:35:44.238545,O0016,148,6,1,0,0,0,1285,36
2026-08-10 14:35:44.238545,O0016,208,8,1,0,0,0,1553,82
2026-08-09 14:35:44.238545,O0016,189,9,1,0,0,0,1118,60
2026-08-08 14:35:44.238545,O0016,290,8,1,0,0,0,2345,39
2026-08-07 14:35:44.238545,O0016,147,2,0,0,0,0,2040,32
2026-08-06 14:35:44.238545,O0016,195,10,0,0,0,0,1309,0
2026-08-05 14:35:44.238545,O0016,47,1,0,0,0,0,2316,77
2026-08-04 14:35:44.238545,O0016,152,9,0,0,0,0,2411,41
2026-08-03 14:35:44.238545,O0016,225,6,0,0,0,0,1485,19
2026-08-02 14:35:44.238545,O0016,113,4,1,0,0,0,1927,84
2026-08-01 14:35:44.238545,O0016,159,7,1,0,0,0,1631,53
2026-07-31 14:35:44.238545,O0016,58,3,0,0,0,0,1802,92
2026-07-30 14:35:44.238545,O0016,148,2,0,0,0,0,1834,64
2026-07-29 14:35:44.238545,O0016,162,7,0,0,0,0,1299,60
2026-07-28 14:35:44.238545,O0016,228,11,2,0,0,0,2492,42
2026-07-27 14:35:44.238545,O0016,143,4,0,0,0,0,1778,47
2026-07-26 14:35:44.238545,O0016,175,9,1,0,0,0,2295,74
2026-07-25 14:35:44.238545,O0016,212,8,1,0,0,0,1881,67
2026-08-23 14:35:44.238545,O0017,118,3,0,0,0,0,2193,25
2026-08-22 14:35:44.238545,O0017,153,0,0,0,0,0,1490,2
2026-08-21 14:35:44.238545,O0017,123,2,0,0,0,0,1739,16
2026-08-20 14:35:44.238545,O0017,265,13,1,0,0,0,1710,37
2026-08-19 14:35:44.238545,O0017,75,3,0,0,0,0,1374,43
2026-08-18 14:35:44.238545,O0017,284,11,1,0,0,0,1139,29
2026-08-17 14:35:44.238545,O0017,221,18,2,1,2033,0,1850,91
2026-08-16 14:35:44.238545,O0017,165,6,1,0,0,0,2376,6
2026-08-15 14:35:44.238545,O0017,156,5,1,0,0,0,2512,14
2026-08-14 14:35:44.238545,O0017,103,4,0,0,0,0,1520,88
2026-08-13 14:35:44.238545,O0017,175,6,0,0,0,0,1652,79
2026-08-12 14:35:44.238545,O0017,141,4,0,0,0,0,2365,15
2026-08-11 14:35:44.238545,O0017,147,9,0,0,0,0,2171,25
2026-08-10 14:35:44.238545,O0017,122,6,1,0,0,0,2509,61
2026-08-09 14:35:44.238545,O0017,176,7,0,0,0,0,2470,63
2026-08-08 14:35:44.238545,O0017,203,9,0,0,0,0,1624,82
2026-08-07 14:35:44.238545,O0017,211,17,2,1,1204,0,1180,37
2026-08-06 14:35:44.238545,O0017,93,5,0,0,0,0,1119,17
2026-08-05 14:35:44.238545,O0017,151,4,0,0,0,0,1649,93
2026-08-04 14:35:44.238545,O0017,317,17,3,1,1934,0,1889,88
2026-08-03 14:35:44.238545,O0017,275,5,0,0,0,0,1371,89
2026-08-02 14:35:44.238545,O0017,142,0,0,0,0,0,2088,72
2026-08-01 14:35:44.238545,O0017,155,4,0,0,0,0,2501,93
2026-07-31 14:35:44.238545,O0017,226,8,1,0,0,0,2002,5
2026-07-30 14:35:44.238545,O0017,301,14,3,0,0,0,2280,92
2026-07-29 14:35:44.238545,O0017,0,0,0,0,0,0,2509,89
2026-07-28 14:35:44.238545,O0017,109,3,0,0,0,0,2485,82
2026-07-27 14:35:44.238545,O0017,51,3,0,0,0,0,1123,82
2026-07-26 14:35:44.238545,O0017,277,9,0,0,0,0,1253,96
2026-07-25 14:35:44.238545,O0017,113,4,0,0,0,0,2227,82
2026-08-23 14:35:44.238545,O0018,255,3,0,0,0,0,2328,60
2026-08-22 14:35:44.238545,O0018,162,4,0,0,0,0,1554,0
2026-08-21 14:35:44.238545,O0018,88,5,1,0,0,0,1865,89
2026-08-20 14:35:44.238545,O0018,330,19,0,1,2477,0,1620,78
2026-08-19 14:35:44.238545,O0018,195,9,1,0,0,0,2567,43
2026-08-18 14:35:44.238545,O0018,252,12,3,0,0,0,1352,98
2026-08-17 14:35:44.238545,O0018,257,7,0,0,0,0,1108,67
2026-08-16 14:35:44.238545,O0018,170,3,0,0,0,0,1462,88
2026-08-15 14:35:44.238545,O0018,51,1,0,0,0,0,2341,41
2026-08-14 14:35:44.238545,O0018,91,3,0,0,0,0,1660,50
2026-08-13 14:35:44.238545,O0018,412,12,1,0,0,0,2333,89
2026-08-12 14:35:44.238545,O0018,261,7,1,0,0,0,2557,94
2026-08-11 14:35:44.238545,O0018,297,9,1,0,0,0,2506,44
2026-08-10 14:35:44.238545,O0018,222,8,0,0,0,0,2131,69
2026-08-09 14:35:44.238545,O0018,152,4,0,0,0,0,2293,73
2026-08-08 14:35:44.238545,O0018,312,9,0,0,0,0,1685,54
2026-08-07 14:35:44.238545,O0018,219,5,0,0,0,0,1215,25
2026-08-06 14:35:44.238545,O0018,163,10,2,0,0,0,1227,88
2026-08-05 14:35:44.238545,O0018,193,5,0,0,0,0,1309,78
2026-08-04 14:35:44.238545,O0018,279,6,1,0,0,0,1896,30
2026-08-03 14:35:44.238545,O0018,19,0,0,0,0,0,1881,49
2026-08-02 14:35:44.238545,O0018,42,2,0,0,0,0,1126,95
2026-08-01 14:35:44.238545,O0018,178,10,1,0,0,0,2397,90
2026-07-31 14:35:44.238545,O0018,158,4,0,0,0,0,2584,24
2026-07-30 14:35:44.238545,O0018,164,8,1,0,0,0,2152,15
2026-07-29 14:35:44.238545,O0018,111,5,0,0,0,0,1622,0
2026-07-28 14:35:44.238545,O0018,111,6,1,0,0,0,2322,6
2026-07-27 14:35:44.238545,O0018,198,3,0,0,0,0,2226,45
2026-07-26 14:35:44.238545,O0018,306,15,0,0,0,0,1239,100
2026-07-25 14:35:44.238545,O0018,86,3,0,0,0,0,1536,84
2026-08-23 14:35:44.238545,O0019,76,2,0,0,0,0,2152,10
2026-08-22 14:35:44.238545,O0019,231,8,1,0,0,0,2383,8
2026-08-21 14:35:44.238545,O0019,210,12,2,1,1212,0,2539,94
2026-08-20 14:35:44.238545,O0019,200,3,0,0,0,0,1148,58
2026-08-19 14:35:44.238545,O0019,174,6,1,0,0,0,2242,9
2026-08-18 14:35:44.238545,O0019,122,4,0,0,0,0,1928,55
2026-08-17 14:35:44.238545,O0019,143,7,1,0,0,0,2366,8
2026-08-16 14:35:44.238545,O0019,184,3,0,0,0,0,1317,37
2026-08-15 14:35:44.238545,O0019,197,5,1,0,0,0,1881,50
2026-08-14 14:35:44.238545,O0019,189,6,1,0,0,0,2217,37
2026-08-13 14:35:44.238545,O0019,228,8,0,0,0,0,2426,47
2026-08-12 14:35:44.238545,O0019,192,7,1,0,0,0,1110,73
2026-08-11 14:35:44.238545,O0019,88,2,0,0,0,0,1804,27
2026-08-10 14:35:44.238545,O0019,69,3,0,0,0,0,2363,32
2026-08-09 14:35:44.238545,O0019,199,9,1,0,0,0,2044,82
2026-08-08 14:35:44.238545,O0019,109,3,0,0,0,0,2289,62
2026-08-07 14:35:44.238545,O0019,260,9,1,0,0,0,2368,8
2026-08-06 14:35:44.238545,O0019,243,7,0,0,0,0,2520,74
2026-08-05 14:35:44.238545,O0019,247,13,2,0,0,0,1109,40
2026-08-04 14:35:44.238545,O0019,181,9,1,0,0,0,1375,86
2026-08-03 14:35:44.238545,O0019,160,1,0,0,0,0,2097,70
2026-08-02 14:35:44.238545,O0019,280,15,3,1,1286,0,1502,33
2026-08-01 14:35:44.238545,O0019,166,3,0,0,0,0,2393,3
2026-07-31 14:35:44.238545,O0019,225,4,0,0,0,0,2229,33
2026-07-30 14:35:44.238545,O0019,0,0,0,0,0,0,1903,28
2026-07-29 14:35:44.238545,O0019,273,7,1,0,0,0,2145,11
2026-07-28 14:35:44.238545,O0019,95,4,0,0,0,0,2501,21
2026-07-27 14:35:44.238545,O0019,182,5,1,0,0,0,2450,18
2026-07-26 14:35:44.238545,O0019,170,3,0,0,0,0,1574,8
2026-07-25 14:35:44.238545,O0019,174,8,0,0,0,0,1894,60
2026-08-23 14:35:44.238545,O0020,130,5,0,0,0,0,1675,27
2026-08-22 14:35:44.238545,O0020,210,9,0,0,0,0,1571,53
2026-08-21 14:35:44.238545,O0020,233,4,0,0,0,0,2309,20
2026-08-20 14:35:44.238545,O0020,124,3,0,0,0,0,1429,17
2026-08-19 14:35:44.238545,O0020,162,5,0,0,0,0,1468,66
2026-08-18 14:35:44.238545,O0020,297,10,1,0,0,0,2590,84
2026-08-17 14:35:44.238545,O0020,274,1,0,0,0,0,2086,21
2026-08-16 14:35:44.238545,O0020,197,10,2,0,0,0,2376,84
2026-08-15 14:35:44.238545,O0020,125,4,0,0,0,0,2309,8
2026-08-14 14:35:44.238545,O0020,191,10,1,0,0,0,2501,53
2026-08-13 14:35:44.238545,O0020,236,5,1,0,0,0,1179,100
2026-08-12 14:35:44.238545,O0020,32,1,0,0,0,0,2204,0
2026-08-11 14:35:44.238545,O0020,303,7,0,0,0,0,1188,89
2026-08-10 14:35:44.238545,O0020,116,4,0,0,0,0,1817,75
2026-08-09 14:35:44.238545,O0020,246,2,0,0,0,0,1374,32
2026-08-08 14:35:44.238545,O0020,115,4,0,0,0,0,1936,32
2026-08-07 14:35:44.238545,O0020,232,14,2,0,0,0,2164,0
2026-08-06 14:35:44.238545,O0020,136,6,1,0,0,0,1416,54
2026-08-05 14:35:44.238545,O0020,140,4,0,0,0,0,2353,35
2026-08-04 14:35:44.238545,O0020,270,10,1,0,0,0,2088,22
2026-08-03 14:35:44.238545,O0020,101,5,0,0,0,0,2544,50
2026-08-02 14:35:44.238545,O0020,164,1,0,0,0,0,2532,20
2026-08-01 14:35:44.238545,O0020,266,13,2,0,0,0,2527,87
2026-07-31 14:35:44.238545,O0020,165,5,0,0,0,0,1397,60
2026-07-30 14:35:44.238545,O0020,265,8,1,0,0,0,2347,4
2026-07-29 14:35:44.238545,O0020,146,0,0,0,0,0,2557,76
2026-07-28 14:35:44.238545,O0020,325,15,2,1,1021,0,2445,66
2026-07-27 14:35:44.238545,O0020,174,7,0,0,0,0,2359,21
2026-07-26 14:35:44.238545,O0020,140,3,0,0,0,0,1665,99
2026-07-25 14:35:44.238545,O0020,71,3,0,0,0,0,2541,8
2026-08-23 14:35:44.238545,O0021,183,9,1,0,0,0,1156,61
2026-08-22 14:35:44.238545,O0021,205,8,0,0,0,0,2536,29
2026-08-21 14:35:44.238545,O0021,208,5,0,0,0,0,1639,31
2026-08-20 14:35:44.238545,O0021,158,8,1,0,0,0,1465,60
2026-08-19 14:35:44.238545,O0021,155,7,0,0,0,0,1489,63
2026-08-18 14:35:44.238545,O0021,174,5,0,0,0,0,1515,31
2026-08-17 14:35:44.238545,O0021,223,6,0,0,0,0,2484,84
2026-08-16 14:35:44.238545,O0021,169,6,1,0,0,0,1860,79
2026-08-15 14:35:44.238545,O0021,103,7,1,0,0,0,2105,23
2026-08-14 14:35:44.238545,O0021,379,13,1,1,2181,0,2176,54
2026-08-13 14:35:44.238545,O0021,68,2,0,0,0,0,1457,58
2026-08-12 14:35:44.238545,O0021,317,11,0,0,0,0,2480,26
2026-08-11 14:35:44.238545,O0021,149,6,0,0,0,0,2223,33
2026-08-10 14:35:44.238545,O0021,188,10,1,0,0,0,1968,26
2026-08-09 14:35:44.238545,O0021,48,2,0,0,0,0,1468,73
2026-08-08 14:35:44.238545,O0021,260,14,2,1,1552,0,2237,55
2026-08-07 14:35:44.238545,O0021,216,6,1,0,0,0,1119,22
2026-08-06 14:35:44.238545,O0021,137,6,1,0,0,0,2575,40
2026-08-05 14:35:44.238545,O0021,196,5,0,0,0,0,1302,88
2026-08-04 14:35:44.238545,O0021,212,10,1,1,1197,0,1785,33
2026-08-03 14:35:44.238545,O0021,105,5,1,0,0,0,1943,15
2026-08-02 14:35:44.238545,O0021,99,5,0,0,0,0,2429,68
2026-08-01 14:35:44.238545,O0021,251,15,1,1,1998,0,2015,10
2026-07-31 14:35:44.238545,O0021,125,6,0,0,0,0,2411,43
2026-07-30 14:35:44.238545,O0021,70,3,0,0,0,0,1431,43
2026-07-29 14:35:44.238545,O0021,190,10,1,0,0,0,1909,34
2026-07-28 14:35:44.238545,O0021,299,6,1,0,0,0,2022,52
2026-07-27 14:35:44.238545,O0021,267,17,3,1,1515,0,2535,95
2026-07-26 14:35:44.238545,O0021,227,10,1,0,0,0,2223,6
2026-07-25 14:35:44.238545,O0021,269,11,1,0,0,0,2365,19
2026-08-23 14:35:44.238545,O0022,130,3,0,0,0,0,2004,39
2026-08-22 14:35:44.238545,O0022,133,6,0,0,0,0,1804,36
2026-08-21 14:35:44.238545,O0022,168,6,1,0,0,0,1713,1
2026-08-20 14:35:44.238545,O0022,196,2,0,0,0,0,1865,24
2026-08-19 14:35:44.238545,O0022,81,4,0,0,0,0,1898,48
2026-08-18 14:35:44.238545,O0022,186,8,0,0,0,0,2521,87
2026-08-17 14:35:44.238545,O0022,162,9,1,0,0,0,1240,23
2026-08-16 14:35:44.238545,O0022,208,9,0,0,0,0,2375,62
2026-08-15 14:35:44.238545,O0022,186,7,1,0,0,0,1309,36
2026-08-14 14:35:44.238545,O0022,162,10,1,0,0,0,1130,63
2026-08-13 14:35:44.238545,O0022,199,11,1,0,0,0,2049,89
2026-08-12 14:35:44.238545,O0022,200,5,1,0,0,0,1645,99
2026-08-11 14:35:44.238545,O0022,92,4,0,0,0,0,1881,1
2026-08-10 14:35:44.238545,O0022,290,16,2,1,1907,0,1168,25
2026-08-09 14:35:44.238545,O0022,30,1,0,0,0,0,1896,87
2026-08-08 14:35:44.238545,O0022,384,12,2,1,2125,0,1618,61
2026-08-07 14:35:44.238545,O0022,141,4,1,0,0,0,1331,30
2026-08-06 14:35:44.238545,O0022,126,3,0,0,0,0,1910,31
2026-08-05 14:35:44.238545,O0022,206,8,1,0,0,0,1417,47
2026-08-04 14:35:44.238545,O0022,188,5,0,0,0,0,2380,7
2026-08-03 14:35:44.238545,O0022,300,14,1,0,0,0,2099,29
2026-08-02 14:35:44.238545,O0022,133,7,0,0,0,0,1495,2
2026-08-01 14:35:44.238545,O0022,148,3,0,0,0,0,2547,56
2026-07-31 14:35:44.238545,O0022,75,2,0,0,0,0,1812,41
2026-07-30 14:35:44.238545,O0022,172,4,0,0,0,0,1428,8
2026-07-29 14:35:44.238545,O0022,83,3,0,0,0,0,1101,99
2026-07-28 14:35:44.238545,O0022,123,3,0,0,0,0,2370,30
2026-07-27 14:35:44.238545,O0022,166,7,1,0,0,0,2173,87
2026-07-26 14:35:44.238545,O0022,66,2,0,0,0,0,1759,14
2026-07-25 14:35:44.238545,O0022,288,15,4,1,1365,0,1513,13
2026-08-23 14:35:44.238545,O0023,249,11,3,0,0,0,1307,92
2026-08-22 14:35:44.238545,O0023,190,10,1,1,2167,0,1466,71
2026-08-21 14:35:44.238545,O0023,179,4,0,0,0,0,2481,58
2026-08-20 14:35:44.238545,O0023,152,3,0,0,0,0,1922,64
2026-08-19 14:35:44.238545,O0023,152,7,1,0,0,0,1745,70
2026-08-18 14:35:44.238545,O0023,259,10,0,0,0,0,2586,41
2026-08-17 14:35:44.238545,O0023,90,2,0,0,0,0,1837,57
2026-08-16 14:35:44.238545,O0023,94,4,0,0,0,0,1133,66
2026-08-15 14:35:44.238545,O0023,305,19,6,1,1439,0,1144,98
2026-08-14 14:35:44.238545,O0023,240,4,0,0,0,0,2268,73
2026-08-13 14:35:44.238545,O0023,194,8,1,0,0,0,2292,31
2026-08-12 14:35:44.238545,O0023,197,13,2,0,0,0,1258,92
2026-08-11 14:35:44.238545,O0023,133,7,0,0,0,0,2280,12
2026-08-10 14:35:44.238545,O0023,117,3,0,0,0,0,1214,98
2026-08-09 14:35:44.238545,O0023,86,5,0,0,0,0,1564,95
2026-08-08 14:35:44.238545,O0023,109,2,0,0,0,0,1210,39
2026-08-07 14:35:44.238545,O0023,101,3,0,0,0,0,1552,19
2026-08-06 14:35:44.238545,O0023,318,15,1,1,2218,0,1284,28
2026-08-05 14:35:44.238545,O0023,36,1,0,0,0,0,2270,95
2026-08-04 14:35:44.238545,O0023,266,11,2,0,0,0,1367,97
2026-08-03 14:35:44.238545,O0023,256,13,0,0,0,0,2249,78
2026-08-02 14:35:44.238545,O0023,289,11,1,0,0,0,1762,87
2026-08-01 14:35:44.238545,O0023,214,7,0,0,0,0,1490,41
2026-07-31 14:35:44.238545,O0023,106,6,0,0,0,0,2362,56
2026-07-30 14:35:44.238545,O0023,110,3,0,0,0,0,1865,19
2026-07-29 14:35:44.238545,O0023,188,2,0,0,0,0,1402,36
2026-07-28 14:35:44.238545,O0023,317,13,2,1,1046,0,2201,27
2026-07-27 14:35:44.238545,O0023,211,12,1,1,2494,0,2523,89
2026-07-26 14:35:44.238545,O0023,137,3,0,0,0,0,1448,7
2026-07-25 14:35:44.238545,O0023,146,9,1,0,0,0,1117,8
2026-08-23 14:35:44.238545,O0024,132,6,0,0,0,0,1664,7
2026-08-22 14:35:44.238545,O0024,49,0,0,0,0,0,2236,35
2026-08-21 14:35:44.238545,O0024,192,10,1,0,0,0,1882,66
2026-08-20 14:35:44.238545,O0024,300,10,1,0,0,0,2273,19
2026-08-19 14:35:44.238545,O0024,110,5,0,0,0,0,1523,83
2026-08-18 14:35:44.238545,O0024,252,13,2,0,0,0,2510,90
2026-08-17 14:35:44.238545,O0024,338,6,0,0,0,0,2443,72
2026-08-16 14:35:44.238545,O0024,248,8,0,0,0,0,1477,40
2026-08-15 14:35:44.238545,O0024,206,6,1,0,0,0,1942,38
2026-08-14 14:35:44.238545,O0024,0,0,0,0,0,0,1411,99
2026-08-13 14:35:44.238545,O0024,198,9,2,0,0,0,1646,77
2026-08-12 14:35:44.238545,O0024,120,4,0,0,0,0,1262,88
2026-08-11 14:35:44.238545,O0024,188,6,1,0,0,0,1865,23
2026-08-10 14:35:44.238545,O0024,242,6,1,0,0,0,1936,97
2026-08-09 14:35:44.238545,O0024,381,12,2,0,0,0,1515,96
2026-08-08 14:35:44.238545,O0024,195,9,1,0,0,0,2103,88
2026-08-07 14:35:44.238545,O0024,134,7,1,0,0,0,2345,94
2026-08-06 14:35:44.238545,O0024,244,4,0,0,0,0,2316,68
2026-08-05 14:35:44.238545,O0024,0,0,0,0,0,0,2035,5
2026-08-04 14:35:44.238545,O0024,228,7,0,0,0,0,2242,49
2026-08-03 14:35:44.238545,O0024,53,2,0,0,0,0,1723,99
2026-08-02 14:35:44.238545,O0024,226,5,0,0,0,0,2513,66
2026-08-01 14:35:44.238545,O0024,262,7,1,0,0,0,1331,23
2026-07-31 14:35:44.238545,O0024,218,1,0,0,0,0,1762,57
2026-07-30 14:35:44.238545,O0024,277,11,2,0,0,0,1284,32
2026-07-29 14:35:44.238545,O0024,121,7,1,0,0,0,1286,14
2026-07-28 14:35:44.238545,O0024,145,2,0,0,0,0,2147,78
2026-07-27 14:35:44.238545,O0024,263,9,0,0,0,0,2258,84
2026-07-26 14:35:44.238545,O0024,214,7,1,0,0,0,1959,39
2026-07-25 14:35:44.238545,O0024,123,7,0,0,0,0,1369,25
2026-08-23 14:35:44.238545,O0025,219,6,1,0,0,0,1465,20
2026-08-22 14:35:44.238545,O0025,121,2,0,0,0,0,1463,58
2026-08-21 14:35:44.238545,O0025,179,4,1,0,0,0,1854,48
2026-08-20 14:35:44.238545,O0025,244,4,0,0,0,0,1375,15
2026-08-19 14:35:44.238545,O0025,155,4,0,0,0,0,1528,78
2026-08-18 14:35:44.238545,O0025,289,13,3,0,0,0,2090,92
2026-08-17 14:35:44.238545,O0025,101,0,0,0,0,0,1748,33
2026-08-16 14:35:44.238545,O0025,0,0,0,0,0,0,2116,66
2026-08-15 14:35:44.238545,O0025,166,3,0,0,0,0,2551,37
2026-08-14 14:35:44.238545,O0025,185,7,1,0,0,0,1524,78
2026-08-13 14:35:44.238545,O0025,273,10,1,0,0,0,1534,1
2026-08-12 14:35:44.238545,O0025,92,2,0,0,0,0,2137,70
2026-08-11 14:35:44.238545,O0025,175,7,0,0,0,0,2265,78
2026-08-10 14:35:44.238545,O0025,344,11,2,1,2377,0,2071,4
2026-08-09 14:35:44.238545,O0025,117,3,0,0,0,0,1786,59
2026-08-08 14:35:44.238545,O0025,199,4,0,0,0,0,2257,92
2026-08-07 14:35:44.238545,O0025,130,2,0,0,0,0,1824,8
2026-08-06 14:35:44.238545,O0025,251,9,2,0,0,0,2194,21
2026-08-05 14:35:44.238545,O0025,99,3,0,0,0,0,2544,40
2026-08-04 14:35:44.238545,O0025,162,4,1,0,0,0,2025,38
2026-08-03 14:35:44.238545,O0025,196,10,2,0,0,0,1289,56
2026-08-02 14:35:44.238545,O0025,18,0,0,0,0,0,2090,93
2026-08-01 14:35:44.238545,O0025,234,7,0,0,0,0,2157,86
2026-07-31 14:35:44.238545,O0025,240,9,1,0,0,0,1337,0
2026-07-30 14:35:44.238545,O0025,169,7,1,0,0,0,2056,5
2026-07-29 14:35:44.238545,O0025,302,16,2,0,0,0,2408,26
2026-07-28 14:35:44.238545,O0025,154,7,1,0,0,0,2474,15
2026-07-27 14:35:44.238545,O0025,172,8,2,0,0,0,2152,13
2026-07-26 14:35:44.238545,O0025,202,10,1,0,0,0,1680,73
2026-07-25 14:35:44.238545,O0025,181,8,0,0,0,0,1203,16
2026-08-23 14:35:44.238545,O0026,48,2,0,0,0,0,1558,18
2026-08-22 14:35:44.238545,O0026,260,6,1,0,0,0,2462,42
2026-08-21 14:35:44.238545,O0026,224,2,0,0,0,0,1331,44
2026-08-20 14:35:44.238545,O0026,7,0,0,0,0,0,1360,65
2026-08-19 14:35:44.238545,O0026,312,17,2,0,0,0,1245,38
2026-08-18 14:35:44.238545,O0026,90,3,0,0,0,0,1425,61
2026-08-17 14:35:44.238545,O0026,118,5,0,0,0,0,2261,100
2026-08-16 14:35:44.238545,O0026,104,6,1,0,0,0,2275,62
2026-08-15 14:35:44.238545,O0026,271,14,2,1,1911,0,1931,8
2026-08-14 14:35:44.238545,O0026,68,1,0,0,0,0,2112,82
2026-08-13 14:35:44.238545,O0026,159,5,1,0,0,0,1100,96
2026-08-12 14:35:44.238545,O0026,210,9,0,0,0,0,2015,25
2026-08-11 14:35:44.238545,O0026,230,15,1,1,2391,0,1990,91
2026-08-10 14:35:44.238545,O0026,262,10,1,0,0,0,1927,16
2026-08-09 14:35:44.238545,O0026,199,7,2,0,0,0,2540,71
2026-08-08 14:35:44.238545,O0026,216,5,1,0,0,0,1984,89
2026-08-07 14:35:44.238545,O0026,73,2,0,0,0,0,2216,27
2026-08-06 14:35:44.238545,O0026,126,3,0,0,0,0,1954,19
2026-08-05 14:35:44.238545,O0026,136,9,1,0,0,0,1132,18
2026-08-04 14:35:44.238545,O0026,161,3,0,0,0,0,1381,82
2026-08-03 14:35:44.238545,O0026,241,2,0,0,0,0,2376,23
2026-08-02 14:35:44.238545,O0026,89,3,0,0,0,0,1480,54
2026-08-01 14:35:44.238545,O0026,86,2,0,0,0,0,1651,52
2026-07-31 14:35:44.238545,O0026,285,8,1,0,0,0,2543,47
2026-07-30 14:35:44.238545,O0026,258,13,1,0,0,0,2178,96
2026-07-29 14:35:44.238545,O0026,198,4,1,0,0,0,1602,60
2026-07-28 14:35:44.238545,O0026,89,2,0,0,0,0,2287,39
2026-07-27 14:35:44.238545,O0026,32,0,0,0,0,0,2149,60
2026-07-26 14:35:44.238545,O0026,107,3,0,0,0,0,1692,21
2026-07-25 14:35:44.238545,O0026,378,17,2,0,0,0,1633,7
2026-08-23 14:35:44.238545,O0027,156,6,1,0,0,0,1415,63
2026-08-22 14:35:44.238545,O0027,181,4,0,0,0,0,2405,21
2026-08-21 14:35:44.238545,O0027,215,13,1,1,1237,1,2050,51
2026-08-20 14:35:44.238545,O0027,78,3,0,0,0,0,1877,87
2026-08-19 14:35:44.238545,O0027,151,3,0,0,0,0,1691,57
2026-08-18 14:35:44.238545,O0027,122,5,0,0,0,0,2188,81
2026-08-17 14:35:44.238545,O0027,74,4,0,0,0,0,1786,34
2026-08-16 14:35:44.238545,O0027,175,8,1,0,0,0,1595,93
2026-08-15 14:35:44.238545,O0027,107,1,0,0,0,0,1741,70
2026-08-14 14:35:44.238545,O0027,191,7,1,0,0,0,1312,87
2026-08-13 14:35:44.238545,O0027,120,5,0,0,0,0,2368,11
2026-08-12 14:35:44.238545,O0027,293,13,2,0,0,0,2406,15
2026-08-11 14:35:44.238545,O0027,168,5,0,0,0,0,2426,72
2026-08-10 14:35:44.238545,O0027,198,6,1,0,0,0,2056,84
2026-08-09 14:35:44.238545,O0027,298,9,1,0,0,0,2517,85
2026-08-08 14:35:44.238545,O0027,189,5,0,0,0,0,1883,49
2026-08-07 14:35:44.238545,O0027,164,7,1,0,0,0,1242,62
2026-08-06 14:35:44.238545,O0027,239,9,0,0,0,0,1394,69
2026-08-05 14:35:44.238545,O0027,187,5,0,0,0,0,1630,13
2026-08-04 14:35:44.238545,O0027,213,8,1,0,0,0,2119,19
2026-08-03 14:35:44.238545,O0027,177,6,1,0,0,0,2533,42
2026-08-02 14:35:44.238545,O0027,277,8,0,0,0,0,2079,55
2026-08-01 14:35:44.238545,O0027,60,3,0,0,0,0,1106,49
2026-07-31 14:35:44.238545,O0027,339,10,0,0,0,0,1782,87
2026-07-30 14:35:44.238545,O0027,170,7,1,0,0,0,2194,43
2026-07-29 14:35:44.238545,O0027,267,12,2,0,0,0,2235,5
2026-07-28 14:35:44.238545,O0027,309,10,1,0,0,0,2391,88
2026-07-27 14:35:44.238545,O0027,155,6,0,0,0,0,1173,24
2026-07-26 14:35:44.238545,O0027,477,22,3,1,2107,0,2123,68
2026-07-25 14:35:44.238545,O0027,340,11,1,0,0,0,1214,43
2026-08-23 14:35:44.238545,O0028,262,13,2,0,0,0,1972,43
2026-08-22 14:35:44.238545,O0028,276,1,0,0,0,0,2279,69
2026-08-21 14:35:44.238545,O0028,291,17,3,0,0,0,1455,42
2026-08-20 14:35:44.238545,O0028,246,10,1,0,0,0,2233,21
2026-08-19 14:35:44.238545,O0028,0,0,0,0,0,0,2354,48
2026-08-18 14:35:44.238545,O0028,182,6,0,0,0,0,1282,90
2026-08-17 14:35:44.238545,O0028,71,1,0,0,0,0,2517,16
2026-08-16 14:35:44.238545,O0028,214,12,1,0,0,0,2350,88
2026-08-15 14:35:44.238545,O0028,235,9,0,0,0,0,1716,44
2026-08-14 14:35:44.238545,O0028,79,3,0,0,0,0,2367,46
2026-08-13 14:35:44.238545,O0028,352,2,0,0,0,0,2450,26
2026-08-12 14:35:44.238545,O0028,170,8,1,0,0,0,2118,22
2026-08-11 14:35:44.238545,O0028,289,19,4,1,1429,0,1784,78
2026-08-10 14:35:44.238545,O0028,231,3,0,0,0,0,1460,20
2026-08-09 14:35:44.238545,O0028,202,4,1,0,0,0,2010,75
2026-08-08 14:35:44.238545,O0028,97,3,0,0,0,0,1325,41
2026-08-07 14:35:44.238545,O0028,189,9,1,0,0,0,1250,60
2026-08-06 14:35:44.238545,O0028,154,5,0,0,0,0,2031,22
2026-08-05 14:35:44.238545,O0028,142,6,0,0,0,0,1514,42
2026-08-04 14:35:44.238545,O0028,276,15,2,0,0,0,2039,53
2026-08-03 14:35:44.238545,O0028,219,11,2,0,0,0,2352,21
2026-08-02 14:35:44.238545,O0028,79,2,0,0,0,0,2101,27
2026-08-01 14:35:44.238545,O0028,36,0,0,0,0,0,1607,41
2026-07-31 14:35:44.238545,O0028,121,5,1,0,0,0,1110,53
2026-07-30 14:35:44.238545,O0028,205,8,0,0,0,0,1971,67
2026-07-29 14:35:44.238545,O0028,50,2,0,0,0,0,1592,10
2026-07-28 14:35:44.238545,O0028,166,6,0,0,0,0,1834,37
2026-07-27 14:35:44.238545,O0028,202,19,4,1,1331,0,2268,95
2026-07-26 14:35:44.238545,O0028,0,0,0,0,0,0,1930,23
2026-07-25 14:35:44.238545,O0028,201,5,0,0,0,0,1244,49
2026-08-23 14:35:44.238545,O0029,245,9,1,0,0,0,2539,26
2026-08-22 14:35:44.238545,O0029,183,2,0,0,0,0,2493,54
2026-08-21 14:35:44.238545,O0029,174,7,0,0,0,0,1351,60
2026-08-20 14:35:44.238545,O0029,146,2,0,0,0,0,1853,86
2026-08-19 14:35:44.238545,O0029,334,10,1,0,0,0,1278,10
2026-08-18 14:35:44.238545,O0029,136,6,1,0,0,0,1665,14
2026-08-17 14:35:44.238545,O0029,145,3,0,0,0,0,1146,37
2026-08-16 14:35:44.238545,O0029,62,3,0,0,0,0,2009,94
2026-08-15 14:35:44.238545,O0029,134,4,1,0,0,0,2164,82
2026-08-14 14:35:44.238545,O0029,119,6,0,0,0,0,2315,85
2026-08-13 14:35:44.238545,O0029,123,1,0,0,0,0,1727,21
2026-08-12 14:35:44.238545,O0029,195,5,0,0,0,0,1403,45
2026-08-11 14:35:44.238545,O0029,131,10,1,0,0,0,1684,23
2026-08-10 14:35:44.238545,O0029,349,12,1,0,0,0,1430,30
2026-08-09 14:35:44.238545,O0029,392,28,2,1,1757,0,2251,90
2026-08-08 14:35:44.238545,O0029,256,10,1,0,0,0,1432,68
2026-08-07 14:35:44.238545,O0029,115,8,0,0,0,0,2038,40
2026-08-06 14:35:44.238545,O0029,312,22,2,1,2325,0,2070,37
2026-08-05 14:35:44.238545,O0029,328,11,2,0,0,0,2592,56
2026-08-04 14:35:44.238545,O0029,156,7,1,0,0,0,2228,14
2026-08-03 14:35:44.238545,O0029,147,7,1,0,0,0,1768,7
2026-08-02 14:35:44.238545,O0029,133,4,0,0,0,0,1500,2
2026-08-01 14:35:44.238545,O0029,331,18,1,0,0,0,1907,24
2026-07-31 14:35:44.238545,O0029,57,2,0,0,0,0,1839,50
2026-07-30 14:35:44.238545,O0029,285,18,2,1,1582,0,1730,57
2026-07-29 14:35:44.238545,O0029,207,7,1,0,0,0,2006,36
2026-07-28 14:35:44.238545,O0029,254,15,3,0,0,0,1385,75
2026-07-27 14:35:44.238545,O0029,139,4,0,0,0,0,1786,8
2026-07-26 14:35:44.238545,O0029,289,9,1,0,0,0,1659,53
2026-07-25 14:35:44.238545,O0029,225,12,0,0,0,0,1480,48
2026-08-23 14:35:44.238545,O0030,84,3,0,0,0,0,1344,47
2026-08-22 14:35:44.238545,O0030,62,2,0,0,0,0,1399,40
2026-08-21 14:35:44.238545,O0030,45,2,0,0,0,0,1959,81
2026-08-20 14:35:44.238545,O0030,251,8,1,0,0,0,2152,24
2026-08-19 14:35:44.238545,O0030,185,5,1,0,0,0,1760,40
2026-08-18 14:35:44.238545,O0030,243,4,0,0,0,0,1842,12
2026-08-17 14:35:44.238545,O0030,98,3,0,0,0,0,1863,99
2026-08-16 14:35:44.238545,O0030,98,4,0,0,0,0,2130,28
2026-08-15 14:35:44.238545,O0030,258,4,0,0,0,0,2189,91
2026-08-14 14:35:44.238545,O0030,36,1,0,0,0,0,1338,16
2026-08-13 14:35:44.238545,O0030,271,8,1,0,0,0,2323,66
2026-08-12 14:35:44.238545,O0030,187,4,0,0,0,0,1555,16
2026-08-11 14:35:44.238545,O0030,211,7,1,0,0,0,1260,54
2026-08-10 14:35:44.238545,O0030,122,1,0,0,0,0,1187,25
2026-08-09 14:35:44.238545,O0030,304,17,2,1,1243,0,1188,8
2026-08-08 14:35:44.238545,O0030,175,7,1,0,0,0,1520,75
2026-08-07 14:35:44.238545,O0030,226,7,1,0,0,0,2287,44
2026-08-06 14:35:44.238545,O0030,74,4,0,0,0,0,2267,8
2026-08-05 14:35:44.238545,O0030,276,14,2,0,0,0,1677,21
2026-08-04 14:35:44.238545,O0030,271,7,1,0,0,0,2132,90
2026-08-03 14:35:44.238545,O0030,42,1,0,0,0,0,1470,45
2026-08-02 14:35:44.238545,O0030,273,10,0,0,0,0,1353,59
2026-08-01 14:35:44.238545,O0030,217,9,1,0,0,0,2578,5
2026-07-31 14:35:44.238545,O0030,271,13,1,1,1638,0,2009,28
2026-07-30 14:35:44.238545,O0030,109,3,0,0,0,0,2074,86
2026-07-29 14:35:44.238545,O0030,170,7,0,0,0,0,1997,66
2026-07-28 14:35:44.238545,O0030,159,5,0,0,0,0,1308,94
2026-07-27 14:35:44.238545,O0030,401,8,2,0,0,0,1510,76
2026-07-26 14:35:44.238545,O0030,231,6,1,0,0,0,1670,97
2026-07-25 14:35:44.238545,O0030,152,3,0,0,0,0,1919,45
2026-08-23 14:35:44.238545,O0031,106,4,0,0,0,0,1803,69
2026-08-22 14:35:44.238545,O0031,0,0,0,0,0,0,1885,57
2026-08-21 14:35:44.238545,O0031,145,7,1,0,0,0,2450,99
2026-08-20 14:35:44.238545,O0031,133,8,1,0,0,0,1896,62
2026-08-19 14:35:44.238545,O0031,190,3,0,0,0,0,2271,60
2026-08-18 14:35:44.238545,O0031,5,0,0,0,0,0,2310,48
2026-08-17 14:35:44.238545,O0031,117,3,0,0,0,0,2309,5
2026-08-16 14:35:44.238545,O0031,239,12,2,0,0,0,1798,48
2026-08-15 14:35:44.238545,O0031,247,11,1,0,0,0,1600,31
2026-08-14 14:35:44.238545,O0031,187,9,2,0,0,0,1334,43
2026-08-13 14:35:44.238545,O0031,234,13,3,0,0,0,2263,65
2026-08-12 14:35:44.238545,O0031,237,7,0,0,0,0,1873,73
2026-08-11 14:35:44.238545,O0031,89,4,0,0,0,0,1521,43
2026-08-10 14:35:44.238545,O0031,15,0,0,0,0,0,1844,55
2026-08-09 14:35:44.238545,O0031,218,13,2,0,0,0,1538,36
2026-08-08 14:35:44.238545,O0031,172,9,0,0,0,0,1288,91
2026-08-07 14:35:44.238545,O0031,202,6,0,0,0,0,2073,54
2026-08-06 14:35:44.238545,O0031,220,14,1,0,0,0,1986,84
2026-08-05 14:35:44.238545,O0031,121,4,0,0,0,0,2475,97
2026-08-04 14:35:44.238545,O0031,2,0,0,0,0,0,2281,63
2026-08-03 14:35:44.238545,O0031,233,18,2,0,0,0,2191,78
2026-08-02 14:35:44.238545,O0031,298,4,0,0,0,0,2169,25
2026-08-01 14:35:44.238545,O0031,146,6,1,0,0,0,1991,52
2026-07-31 14:35:44.238545,O0031,109,7,1,0,0,0,1646,36
2026-07-30 14:35:44.238545,O0031,137,4,0,0,0,0,1407,24
2026-07-29 14:35:44.238545,O0031,338,15,2,1,1893,0,1175,25
2026-07-28 14:35:44.238545,O0031,206,9,1,1,2348,0,2419,5
2026-07-27 14:35:44.238545,O0031,281,10,2,0,0,0,1742,77
2026-07-26 14:35:44.238545,O0031,170,7,1,0,0,0,2446,11
2026-07-25 14:35:44.238545,O0031,42,2,0,0,0,0,2124,15
2026-08-23 14:35:44.238545,O0032,58,2,0,0,0,0,1843,60
2026-08-22 14:35:44.238545,O0032,144,1,0,0,0,0,1171,94
2026-08-21 14:35:44.238545,O0032,67,0,0,0,0,0,1618,70
2026-08-20 14:35:44.238545,O0032,83,4,0,0,0,0,1349,68
2026-08-19 14:35:44.238545,O0032,299,5,0,0,0,0,1623,38
2026-08-18 14:35:44.238545,O0032,321,17,2,1,1328,0,2393,40
2026-08-17 14:35:44.238545,O0032,291,6,0,0,0,0,2106,60
2026-08-16 14:35:44.238545,O0032,163,0,0,0,0,0,1428,89
2026-08-15 14:35:44.238545,O0032,177,8,0,0,0,0,1769,58
2026-08-14 14:35:44.238545,O0032,128,2,0,0,0,0,2412,17
2026-08-13 14:35:44.238545,O0032,240,9,1,0,0,0,1423,31
2026-08-12 14:35:44.238545,O0032,0,0,0,0,0,0,2504,52
2026-08-11 14:35:44.238545,O0032,200,5,0,0,0,0,1455,87
2026-08-10 14:35:44.238545,O0032,113,3,0,0,0,0,1472,50
2026-08-09 14:35:44.238545,O0032,334,4,0,0,0,0,2243,82
2026-08-08 14:35:44.238545,O0032,130,4,0,0,0,0,2536,21
2026-08-07 14:35:44.238545,O0032,298,13,1,0,0,0,1448,72
2026-08-06 14:35:44.238545,O0032,286,16,0,1,1929,0,2112,15
2026-08-05 14:35:44.238545,O0032,189,9,2,0,0,0,1689,95
2026-08-04 14:35:44.238545,O0032,132,5,1,0,0,0,2588,86
2026-08-03 14:35:44.238545,O0032,201,9,1,0,0,0,1582,79
2026-08-02 14:35:44.238545,O0032,115,4,0,0,0,0,1121,60
2026-08-01 14:35:44.238545,O0032,233,11,1,0,0,0,1885,90
2026-07-31 14:35:44.238545,O0032,72,3,0,0,0,0,1781,30
2026-07-30 14:35:44.238545,O0032,97,4,0,0,0,0,2553,95
2026-07-29 14:35:44.238545,O0032,183,7,0,0,0,0,2474,47
2026-07-28 14:35:44.238545,O0032,308,19,3,1,1347,0,1794,59
2026-07-27 14:35:44.238545,O0032,233,11,1,0,0,0,1741,5
2026-07-26 14:35:44.238545,O0032,284,10,2,0,0,0,1980,36
2026-07-25 14:35:44.238545,O0032,237,7,1,0,0,0,1741,55
2026-08-23 14:35:44.238545,O0033,108,4,0,0,0,0,1108,67
2026-08-22 14:35:44.238545,O0033,186,5,0,0,0,0,2486,12
2026-08-21 14:35:44.238545,O0033,195,7,0,0,0,0,1865,75
2026-08-20 14:35:44.238545,O0033,218,8,1,0,0,0,2549,84
2026-08-19 14:35:44.238545,O0033,54,2,0,0,0,0,1189,83
2026-08-18 14:35:44.238545,O0033,108,3,1,0,0,0,1364,27
2026-08-17 14:35:44.238545,O0033,285,5,0,0,0,0,2220,77
2026-08-16 14:35:44.238545,O0033,113,5,1,0,0,0,1282,2
2026-08-15 14:35:44.238545,O0033,212,6,1,0,0,0,1415,15
2026-08-14 14:35:44.238545,O0033,131,8,1,0,0,0,2335,16
2026-08-13 14:35:44.238545,O0033,154,6,0,0,0,0,1894,60
2026-08-12 14:35:44.238545,O0033,165,9,1,0,0,0,2357,23
2026-08-11 14:35:44.238545,O0033,93,4,0,0,0,0,2485,28
2026-08-10 14:35:44.238545,O0033,94,1,0,0,0,0,2174,10
2026-08-09 14:35:44.238545,O0033,155,8,1,0,0,0,1361,87
2026-08-08 14:35:44.238545,O0033,321,7,0,0,0,0,2228,9
2026-08-07 14:35:44.238545,O0033,273,8,0,0,0,0,2453,92
2026-08-06 14:35:44.238545,O0033,117,4,0,0,0,0,1133,14
2026-08-05 14:35:44.238545,O0033,174,4,0,0,0,0,1270,53
2026-08-04 14:35:44.238545,O0033,234,7,0,0,0,0,2021,79
2026-08-03 14:35:44.238545,O0033,209,5,1,0,0,0,1479,10
2026-08-02 14:35:44.238545,O0033,177,3,0,0,0,0,1136,0
2026-08-01 14:35:44.238545,O0033,168,6,0,0,0,0,2447,95
2026-07-31 14:35:44.238545,O0033,96,2,0,0,0,0,2514,86
2026-07-30 14:35:44.238545,O0033,311,10,1,0,0,0,1128,24
2026-07-29 14:35:44.238545,O0033,192,8,2,0,0,0,2085,83
2026-07-28 14:35:44.238545,O0033,220,10,2,0,0,0,1490,11
2026-07-27 14:35:44.238545,O0033,148,8,1,0,0,0,1412,94
2026-07-26 14:35:44.238545,O0033,111,0,0,0,0,0,1596,25
2026-07-25 14:35:44.238545,O0033,132,8,0,0,0,0,2391,91
2026-08-23 14:35:44.238545,O0034,166,8,1,0,0,0,2303,87
2026-08-22 14:35:44.238545,O0034,115,6,1,0,0,0,1700,92
2026-08-21 14:35:44.238545,O0034,125,0,0,0,0,0,2067,20
2026-08-20 14:35:44.238545,O0034,127,4,0,0,0,0,1454,25
2026-08-19 14:35:44.238545,O0034,238,12,2,0,0,0,1721,30
2026-08-18 14:35:44.238545,O0034,187,8,2,0,0,0,2486,20
2026-08-17 14:35:44.238545,O0034,261,17,0,0,0,0,1981,14
2026-08-16 14:35:44.238545,O0034,146,5,0,0,0,0,1827,98
2026-08-15 14:35:44.238545,O0034,356,17,2,1,2413,0,2337,85
2026-08-14 14:35:44.238545,O0034,202,8,2,0,0,0,1316,100
2026-08-13 14:35:44.238545,O0034,59,1,0,0,0,0,2138,13
2026-08-12 14:35:44.238545,O0034,202,9,1,0,0,0,1698,90
2026-08-11 14:35:44.238545,O0034,80,3,0,0,0,0,1844,42
2026-08-10 14:35:44.238545,O0034,199,6,1,0,0,0,1602,60
2026-08-09 14:35:44.238545,O0034,122,6,1,0,0,0,1838,80
2026-08-08 14:35:44.238545,O0034,153,4,0,0,0,0,1382,54
2026-08-07 14:35:44.238545,O0034,100,4,0,0,0,0,1840,3
2026-08-06 14:35:44.238545,O0034,35,1,0,0,0,0,1273,43
2026-08-05 14:35:44.238545,O0034,79,6,1,0,0,0,2452,82
2026-08-04 14:35:44.238545,O0034,248,13,4,0,0,0,2164,37
2026-08-03 14:35:44.238545,O0034,16,0,0,0,0,0,1742,44
2026-08-02 14:35:44.238545,O0034,252,10,0,0,0,0,1927,57
2026-08-01 14:35:44.238545,O0034,63,0,0,0,0,0,2528,44
2026-07-31 14:35:44.238545,O0034,299,6,0,0,0,0,1272,4
2026-07-30 14:35:44.238545,O0034,92,3,0,0,0,0,2207,36
2026-07-29 14:35:44.238545,O0034,204,11,1,0,0,0,1427,2
2026-07-28 14:35:44.238545,O0034,338,15,1,0,0,0,2587,54
2026-07-27 14:35:44.238545,O0034,223,8,1,0,0,0,2139,45
2026-07-26 14:35:44.238545,O0034,287,16,3,0,0,0,1110,58
2026-07-25 14:35:44.238545,O0034,144,7,1,0,0,0,2385,85
2026-08-23 14:35:44.238545,O0035,85,4,0,0,0,0,2121,81
2026-08-22 14:35:44.238545,O0035,94,4,0,0,0,0,1433,18
2026-08-21 14:35:44.238545,O0035,76,2,0,0,0,0,2183,15
2026-08-20 14:35:44.238545,O0035,146,3,0,0,0,0,1856,15
2026-08-19 14:35:44.238545,O0035,105,3,0,0,0,0,2170,19
2026-08-18 14:35:44.238545,O0035,236,11,1,0,0,0,1392,18
2026-08-17 14:35:44.238545,O0035,199,4,0,0,0,0,1541,23
2026-08-16 14:35:44.238545,O0035,223,5,0,0,0,0,1955,61
2026-08-15 14:35:44.238545,O0035,75,2,0,0,0,0,2574,77
2026-08-14 14:35:44.238545,O0035,213,9,0,0,0,0,2019,19
2026-08-13 14:35:44.238545,O0035,233,7,1,0,0,0,1893,29
2026-08-12 14:35:44.238545,O0035,246,7,1,0,0,0,1668,82
2026-08-11 14:35:44.238545,O0035,225,10,2,0,0,0,1732,71
2026-08-10 14:35:44.238545,O0035,100,2,0,0,0,0,2281,96
2026-08-09 14:35:44.238545,O0035,290,13,2,1,1038,0,2189,23
2026-08-08 14:35:44.238545,O0035,250,9,1,1,2186,0,2192,77
2026-08-07 14:35:44.238545,O0035,128,7,0,0,0,0,1995,23
2026-08-06 14:35:44.238545,O0035,26,1,0,0,0,0,1303,69
2026-08-05 14:35:44.238545,O0035,204,9,1,0,0,0,1934,86
2026-08-04 14:35:44.238545,O0035,240,13,1,0,0,0,1710,49
2026-08-03 14:35:44.238545,O0035,220,9,1,0,0,0,1206,25
2026-08-02 14:35:44.238545,O0035,187,11,1,1,2033,0,1335,34
2026-08-01 14:35:44.238545,O0035,273,12,1,0,0,0,2397,29
2026-07-31 14:35:44.238545,O0035,194,7,0,0,0,0,1604,97
2026-07-30 14:35:44.238545,O0035,31,0,0,0,0,0,2402,64
2026-07-29 14:35:44.238545,O0035,248,19,0,2,3004,0,1967,71
2026-07-28 14:35:44.238545,O0035,176,7,0,0,0,0,2437,21
2026-07-27 14:35:44.238545,O0035,389,15,1,0,0,0,1878,44
2026-07-26 14:35:44.238545,O0035,214,6,1,0,0,0,2193,72
2026-07-25 14:35:44.238545,O0035,215,9,1,0,0,0,2239,35
2026-08-23 14:35:44.238545,O0036,210,3,0,0,0,0,2011,86
2026-08-22 14:35:44.238545,O0036,351,23,2,2,3584,0,2527,1
2026-08-21 14:35:44.238545,O0036,241,12,1,0,0,0,1675,87
2026-08-20 14:35:44.238545,O0036,254,8,1,0,0,0,2570,28
2026-08-19 14:35:44.238545,O0036,190,10,1,0,0,0,2547,77
2026-08-18 14:35:44.238545,O0036,195,9,1,0,0,0,2265,64
2026-08-17 14:35:44.238545,O0036,66,2,0,0,0,0,2334,72
2026-08-16 14:35:44.238545,O0036,234,13,2,0,0,0,1566,66
2026-08-15 14:35:44.238545,O0036,170,4,0,0,0,0,2488,68
2026-08-14 14:35:44.238545,O0036,77,1,0,0,0,0,2412,86
2026-08-13 14:35:44.238545,O0036,207,7,1,0,0,0,1661,15
2026-08-12 14:35:44.238545,O0036,137,3,0,0,0,0,1559,6
2026-08-11 14:35:44.238545,O0036,163,9,1,0,0,0,1785,10
2026-08-10 14:35:44.238545,O0036,299,6,1,0,0,0,1967,9
2026-08-09 14:35:44.238545,O0036,231,8,1,0,0,0,1298,3
2026-08-08 14:35:44.238545,O0036,17,0,0,0,0,0,1612,31
2026-08-07 14:35:44.238545,O0036,231,10,1,0,0,0,2164,30
2026-08-06 14:35:44.238545,O0036,325,10,0,0,0,0,2014,74
2026-08-05 14:35:44.238545,O0036,352,24,5,1,2420,0,1361,7
2026-08-04 14:35:44.238545,O0036,264,8,1,0,0,0,1308,86
2026-08-03 14:35:44.238545,O0036,207,8,1,0,0,0,1941,29
2026-08-02 14:35:44.238545,O0036,284,5,0,0,0,0,1976,79
2026-08-01 14:35:44.238545,O0036,119,3,0,0,0,0,2159,42
2026-07-31 14:35:44.238545,O0036,143,5,1,0,0,0,1496,73
2026-07-30 14:35:44.238545,O0036,255,13,1,1,2271,0,1597,17
2026-07-29 14:35:44.238545,O0036,189,6,0,0,0,0,1832,39
2026-07-28 14:35:44.238545,O0036,82,2,0,0,0,0,1802,37
2026-07-27 14:35:44.238545,O0036,172,7,0,0,0,0,1586,64
2026-07-26 14:35:44.238545,O0036,228,5,1,0,0,0,2411,25
2026-07-25 14:35:44.238545,O0036,198,5,0,0,0,0,2328,88
2026-08-23 14:35:44.238545,O0037,133,4,0,0,0,0,1189,3
2026-08-22 14:35:44.238545,O0037,203,10,1,0,0,0,1795,70
2026-08-21 14:35:44.238545,O0037,181,9,1,0,0,0,1142,86
2026-08-20 14:35:44.238545,O0037,265,15,3,0,0,0,1724,58
2026-08-19 14:35:44.238545,O0037,190,12,1,0,0,0,1988,91
2026-08-18 14:35:44.238545,O0037,226,9,2,0,0,0,2190,48
2026-08-17 14:35:44.238545,O0037,153,4,0,0,0,0,2361,75
2026-08-16 14:35:44.238545,O0037,221,12,2,0,0,0,2389,35
2026-08-15 14:35:44.238545,O0037,302,5,1,0,0,0,2589,10
2026-08-14 14:35:44.238545,O0037,214,3,0,0,0,0,2421,96
2026-08-13 14:35:44.238545,O0037,74,2,0,0,0,0,2176,88
2026-08-12 14:35:44.238545,O0037,0,0,0,0,0,0,2295,83
2026-08-11 14:35:44.238545,O0037,241,10,1,1,1810,0,1970,48
2026-08-10 14:35:44.238545,O0037,0,0,0,0,0,0,1272,37
2026-08-09 14:35:44.238545,O0037,101,4,0,0,0,0,1788,54
2026-08-08 14:35:44.238545,O0037,88,3,0,0,0,0,1883,3
2026-08-07 14:35:44.238545,O0037,208,10,1,0,0,0,1703,64
2026-08-06 14:35:44.238545,O0037,51,1,0,0,0,0,1342,9
2026-08-05 14:35:44.238545,O0037,107,5,0,0,0,0,1719,95
2026-08-04 14:35:44.238545,O0037,234,4,0,0,0,0,2566,94
2026-08-03 14:35:44.238545,O0037,112,4,0,0,0,0,1927,51
2026-08-02 14:35:44.238545,O0037,246,4,0,0,0,0,1914,29
2026-08-01 14:35:44.238545,O0037,201,13,1,0,0,0,2059,92
2026-07-31 14:35:44.238545,O0037,212,5,1,0,0,0,2529,53
2026-07-30 14:35:44.238545,O0037,204,11,1,0,0,0,1362,39
2026-07-29 14:35:44.238545,O0037,191,7,1,0,0,0,1561,53
2026-07-28 14:35:44.238545,O0037,45,2,0,0,0,0,1767,75
2026-07-27 14:35:44.238545,O0037,336,14,2,0,0,0,2263,80
2026-07-26 14:35:44.238545,O0037,240,2,0,0,0,0,1518,50
2026-07-25 14:35:44.238545,O0037,261,11,1,0,0,0,2408,38
2026-08-23 14:35:44.238545,O0038,353,11,2,0,0,0,2553,85
2026-08-22 14:35:44.238545,O0038,59,2,0,0,0,0,2567,87
2026-08-21 14:35:44.238545,O0038,121,5,1,0,0,0,2338,31
2026-08-20 14:35:44.238545,O0038,0,0,0,0,0,0,1180,94
2026-08-19 14:35:44.238545,O0038,289,14,2,0,0,0,1709,50
2026-08-18 14:35:44.238545,O0038,55,1,0,0,0,0,1984,58
2026-08-17 14:35:44.238545,O0038,81,4,0,0,0,0,1189,30
2026-08-16 14:35:44.238545,O0038,219,7,1,0,0,0,1236,89
2026-08-15 14:35:44.238545,O0038,151,1,0,0,0,0,1348,47
2026-08-14 14:35:44.238545,O0038,217,9,1,0,0,0,1437,32
2026-08-13 14:35:44.238545,O0038,187,8,1,0,0,0,2045,48
2026-08-12 14:35:44.238545,O0038,129,6,0,0,0,0,1334,90
2026-08-11 14:35:44.238545,O0038,249,8,1,0,0,0,1269,70
2026-08-10 14:35:44.238545,O0038,101,2,0,0,0,0,1430,21
2026-08-09 14:35:44.238545,O0038,244,5,0,0,0,0,1444,9
2026-08-08 14:35:44.238545,O0038,173,6,0,0,0,0,1543,91
2026-08-07 14:35:44.238545,O0038,311,13,2,1,2300,0,2412,84
2026-08-06 14:35:44.238545,O0038,139,1,0,0,0,0,2325,0
2026-08-05 14:35:44.238545,O0038,263,11,1,0,0,0,1509,11
2026-08-04 14:35:44.238545,O0038,201,8,2,0,0,0,2470,8
2026-08-03 14:35:44.238545,O0038,214,15,2,0,0,0,2582,21
2026-08-02 14:35:44.238545,O0038,283,12,2,0,0,0,1488,79
2026-08-01 14:35:44.238545,O0038,209,12,2,0,0,0,1316,45
2026-07-31 14:35:44.238545,O0038,173,7,1,0,0,0,2039,28
2026-07-30 14:35:44.238545,O0038,331,16,2,0,0,0,1547,52
2026-07-29 14:35:44.238545,O0038,141,8,1,0,0,0,2265,21
2026-07-28 14:35:44.238545,O0038,179,8,0,0,0,0,2488,98
2026-07-27 14:35:44.238545,O0038,152,4,0,0,0,0,2464,61
2026-07-26 14:35:44.238545,O0038,195,8,1,0,0,0,2411,94
2026-07-25 14:35:44.238545,O0038,193,11,2,0,0,0,1354,39
2026-08-23 14:35:44.238545,O0039,188,8,2,0,0,0,2525,92
2026-08-22 14:35:44.238545,O0039,211,14,1,0,0,0,1112,8
2026-08-21 14:35:44.238545,O0039,203,7,1,0,0,0,1518,16
2026-08-20 14:35:44.238545,O0039,281,14,3,0,0,0,2139,10
2026-08-19 14:35:44.238545,O0039,89,4,0,0,0,0,1461,77
2026-08-18 14:35:44.238545,O0039,180,9,0,0,0,0,2085,10
2026-08-17 14:35:44.238545,O0039,260,9,1,0,0,0,2134,78
2026-08-16 14:35:44.238545,O0039,165,2,0,0,0,0,1881,54
2026-08-15 14:35:44.238545,O0039,272,5,1,0,0,0,2232,93
2026-08-14 14:35:44.238545,O0039,219,11,1,0,0,0,2341,61
2026-08-13 14:35:44.238545,O0039,223,9,1,0,0,0,1108,1
2026-08-12 14:35:44.238545,O0039,274,5,0,0,0,0,1908,95
2026-08-11 14:35:44.238545,O0039,107,5,0,0,0,0,1179,15
2026-08-10 14:35:44.238545,O0039,92,4,0,0,0,0,2579,44
2026-08-09 14:35:44.238545,O0039,75,2,0,0,0,0,1889,54
2026-08-08 14:35:44.238545,O0039,173,4,1,0,0,0,2547,86
2026-08-07 14:35:44.238545,O0039,311,13,2,1,2394,0,1606,77
2026-08-06 14:35:44.238545,O0039,63,1,0,0,0,0,2419,91
2026-08-05 14:35:44.238545,O0039,258,8,0,0,0,0,1486,54
2026-08-04 14:35:44.238545,O0039,227,12,1,0,0,0,2448,48
2026-08-03 14:35:44.238545,O0039,54,1,0,0,0,0,1323,81
2026-08-02 14:35:44.238545,O0039,35,0,0,0,0,0,1915,89
2026-08-01 14:35:44.238545,O0039,85,6,0,0,0,0,2526,53
2026-07-31 14:35:44.238545,O0039,50,1,0,0,0,0,1481,90
2026-07-30 14:35:44.238545,O0039,249,13,1,0,0,0,1535,23
2026-07-29 14:35:44.238545,O0039,225,14,2,0,0,0,2002,80
2026-07-28 14:35:44.238545,O0039,216,7,1,0,0,0,1873,15
2026-07-27 14:35:44.238545,O0039,166,8,0,0,0,0,1306,1
2026-07-26 14:35:44.238545,O0039,319,15,3,0,0,0,1298,27
2026-07-25 14:35:44.238545,O0039,169,6,0,0,0,0,2095,60
2026-08-23 14:35:44.238545,O0040,82,2,0,0,0,0,1106,81
2026-08-22 14:35:44.238545,O0040,338,11,2,0,0,0,1766,86
2026-08-21 14:35:44.238545,O0040,64,3,0,0,0,0,1813,54
2026-08-20 14:35:44.238545,O0040,378,10,0,0,0,0,1305,93
2026-08-19 14:35:44.238545,O0040,87,4,0,0,0,0,2567,64
2026-08-18 14:35:44.238545,O0040,283,12,3,1,2123,0,2056,21
2026-08-17 14:35:44.238545,O0040,358,6,0,0,0,0,1533,21
2026-08-16 14:35:44.238545,O0040,182,3,0,0,0,0,1159,20
2026-08-15 14:35:44.238545,O0040,252,8,0,0,0,0,1627,85
2026-08-14 14:35:44.238545,O0040,0,0,0,0,0,0,2397,92
2026-08-13 14:35:44.238545,O0040,19,0,0,0,0,0,2330,8
2026-08-12 14:35:44.238545,O0040,125,3,0,0,0,0,2439,82
2026-08-11 14:35:44.238545,O0040,231,1,0,0,0,0,1336,37
2026-08-10 14:35:44.238545,O0040,213,9,1,0,0,0,2273,47
2026-08-09 14:35:44.238545,O0040,234,11,0,1,1636,0,2196,24
2026-08-08 14:35:44.238545,O0040,324,1,0,0,0,0,1358,66
2026-08-07 14:35:44.238545,O0040,117,2,0,0,0,0,1747,18
2026-08-06 14:35:44.238545,O0040,210,5,0,0,0,0,2331,36
2026-08-05 14:35:44.238545,O0040,261,15,2,0,0,0,1755,39
2026-08-04 14:35:44.238545,O0040,42,1,0,0,0,0,2079,80
2026-08-03 14:35:44.238545,O0040,229,5,0,0,0,0,1412,91
2026-08-02 14:35:44.238545,O0040,215,13,2,0,0,0,1466,62
2026-08-01 14:35:44.238545,O0040,169,4,0,0,0,0,1144,70
2026-07-31 14:35:44.238545,O0040,106,5,0,0,0,0,1900,9
2026-07-30 14:35:44.238545,O0040,107,4,0,0,0,0,1906,12
2026-07-29 14:35:44.238545,O0040,282,16,1,0,0,0,1722,58
2026-07-28 14:35:44.238545,O0040,113,2,0,0,0,0,1529,27
2026-07-27 14:35:44.238545,O0040,199,6,0,0,0,0,1308,86
2026-07-26 14:35:44.238545,O0040,219,2,0,0,0,0,1444,7
2026-07-25 14:35:44.238545,O0040,380,23,3,1,2055,0,2315,55
2026-08-23 14:35:44.238545,O0041,0,0,0,0,0,0,2314,23
2026-08-22 14:35:44.238545,O0041,0,0,0,0,0,0,1303,41
2026-08-21 14:35:44.238545,O0041,361,19,3,0,0,0,1140,50
2026-08-20 14:35:44.238545,O0041,75,2,0,0,0,0,2297,68
2026-08-19 14:35:44.238545,O0041,144,2,0,0,0,0,1340,23
2026-08-18 14:35:44.238545,O0041,269,6,1,0,0,0,1351,5
2026-08-17 14:35:44.238545,O0041,222,10,2,0,0,0,1273,15
2026-08-16 14:35:44.238545,O0041,94,3,0,0,0,0,1100,31
2026-08-15 14:35:44.238545,O0041,111,8,0,0,0,0,2193,56
2026-08-14 14:35:44.238545,O0041,246,13,1,1,1721,0,2145,26
2026-08-13 14:35:44.238545,O0041,129,2,0,0,0,0,1713,27
2026-08-12 14:35:44.238545,O0041,297,10,1,0,0,0,2593,79
2026-08-11 14:35:44.238545,O0041,79,3,0,0,0,0,1919,58
2026-08-10 14:35:44.238545,O0041,239,10,0,0,0,0,1517,9
2026-08-09 14:35:44.238545,O0041,131,4,0,0,0,0,1862,72
2026-08-08 14:35:44.238545,O0041,88,1,0,0,0,0,1747,100
2026-08-07 14:35:44.238545,O0041,161,6,0,0,0,0,2188,14
2026-08-06 14:35:44.238545,O0041,142,3,0,0,0,0,1659,18
2026-08-05 14:35:44.238545,O0041,223,7,1,0,0,0,1875,13
2026-08-04 14:35:44.238545,O0041,189,6,0,0,0,0,2102,12
2026-08-03 14:35:44.238545,O0041,42,1,0,0,0,0,1302,6
2026-08-02 14:35:44.238545,O0041,284,20,2,1,2388,0,2188,70
2026-08-01 14:35:44.238545,O0041,34,0,0,0,0,0,2506,65
2026-07-31 14:35:44.238545,O0041,149,2,0,0,0,0,1208,92
2026-07-30 14:35:44.238545,O0041,124,3,0,0,0,0,2547,58
2026-07-29 14:35:44.238545,O0041,287,22,3,0,0,0,1976,66
2026-07-28 14:35:44.238545,O0041,353,10,1,0,0,0,1725,52
2026-07-27 14:35:44.238545,O0041,202,2,0,0,0,0,1291,21
2026-07-26 14:35:44.238545,O0041,146,5,0,0,0,0,1968,86
2026-07-25 14:35:44.238545,O0041,34,1,0,0,0,0,2190,89
2026-08-23 14:35:44.238545,O0042,124,4,0,0,0,0,1611,69
2026-08-22 14:35:44.238545,O0042,285,4,0,0,0,0,1536,0
2026-08-21 14:35:44.238545,O0042,171,3,0,0,0,0,2155,4
2026-08-20 14:35:44.238545,O0042,354,9,1,0,0,0,2360,58
2026-08-19 14:35:44.238545,O0042,140,7,2,0,0,0,1923,45
2026-08-18 14:35:44.238545,O0042,275,11,2,1,1314,0,2098,0
2026-08-17 14:35:44.238545,O0042,253,14,2,1,1612,0,1473,68
2026-08-16 14:35:44.238545,O0042,196,6,0,0,0,0,1386,45
2026-08-15 14:35:44.238545,O0042,179,6,1,0,0,0,1488,36
2026-08-14 14:35:44.238545,O0042,267,11,1,0,0,0,2464,25
2026-08-13 14:35:44.238545,O0042,396,11,2,0,0,0,2226,63
2026-08-12 14:35:44.238545,O0042,223,3,0,0,0,0,2127,92
2026-08-11 14:35:44.238545,O0042,333,8,1,0,0,0,1143,16
2026-08-10 14:35:44.238545,O0042,239,13,2,0,0,0,1800,54
2026-08-09 14:35:44.238545,O0042,325,11,1,0,0,0,1269,97
2026-08-08 14:35:44.238545,O0042,67,3,0,0,0,0,1335,33
2026-08-07 14:35:44.238545,O0042,247,9,1,0,0,0,1311,89
2026-08-06 14:35:44.238545,O0042,164,3,0,0,0,0,2399,19
2026-08-05 14:35:44.238545,O0042,186,8,2,0,0,0,1973,2
2026-08-04 14:35:44.238545,O0042,150,5,1,0,0,0,2533,81
2026-08-03 14:35:44.238545,O0042,243,9,1,0,0,0,2418,6
2026-08-02 14:35:44.238545,O0042,156,7,1,0,0,0,1605,40
2026-08-01 14:35:44.238545,O0042,225,7,1,0,0,0,1534,36
2026-07-31 14:35:44.238545,O0042,0,0,0,0,0,0,1844,42
2026-07-30 14:35:44.238545,O0042,166,7,1,0,0,0,1778,46
2026-07-29 14:35:44.238545,O0042,175,4,0,0,0,0,1587,83
2026-07-28 14:35:44.238545,O0042,160,9,1,0,0,0,2332,15
2026-07-27 14:35:44.238545,O0042,408,20,4,0,0,0,2543,57
2026-07-26 14:35:44.238545,O0042,211,7,0,0,0,0,2071,97
2026-07-25 14:35:44.238545,O0042,222,13,2,0,0,0,2557,32
2026-08-23 14:35:44.238545,O0043,63,3,0,0,0,0,1107,20
2026-08-22 14:35:44.238545,O0043,71,2,0,0,0,0,2032,64
2026-08-21 14:35:44.238545,O0043,151,3,0,0,0,0,1649,70
2026-08-20 14:35:44.238545,O0043,226,10,1,0,0,0,1403,35
2026-08-19 14:35:44.238545,O0043,244,8,1,0,0,0,1530,68
2026-08-18 14:35:44.238545,O0043,276,15,0,0,0,0,1270,90
2026-08-17 14:35:44.238545,O0043,232,7,1,0,0,0,1764,7
2026-08-16 14:35:44.238545,O0043,170,6,0,0,0,0,1461,32
2026-08-15 14:35:44.238545,O0043,289,10,2,0,0,0,1317,92
2026-08-14 14:35:44.238545,O0043,177,4,0,0,0,0,2337,70
2026-08-13 14:35:44.238545,O0043,206,11,1,0,0,0,1909,19
2026-08-12 14:35:44.238545,O0043,42,2,0,0,0,0,1291,63
2026-08-11 14:35:44.238545,O0043,204,9,1,0,0,0,2593,23
2026-08-10 14:35:44.238545,O0043,168,6,1,0,0,0,2507,77
2026-08-09 14:35:44.238545,O0043,199,9,0,0,0,0,1924,12
2026-08-08 14:35:44.238545,O0043,172,5,0,0,0,0,1873,49
2026-08-07 14:35:44.238545,O0043,347,15,2,0,0,0,1370,31
2026-08-06 14:35:44.238545,O0043,188,5,1,0,0,0,1317,69
2026-08-05 14:35:44.238545,O0043,172,4,0,0,0,0,2252,56
2026-08-04 14:35:44.238545,O0043,210,5,0,0,0,0,2517,34
2026-08-03 14:35:44.238545,O0043,147,5,0,0,0,0,1310,65
2026-08-02 14:35:44.238545,O0043,250,7,1,0,0,0,1974,49
2026-08-01 14:35:44.238545,O0043,258,14,2,1,1787,0,2564,14
2026-07-31 14:35:44.238545,O0043,0,0,0,0,0,0,1831,9
2026-07-30 14:35:44.238545,O0043,146,5,1,0,0,0,2338,19
2026-07-29 14:35:44.238545,O0043,228,12,1,0,0,0,2466,87
2026-07-28 14:35:44.238545,O0043,127,8,1,0,0,0,2455,47
2026-07-27 14:35:44.238545,O0043,329,9,1,0,0,0,1404,99
2026-07-26 14:35:44.238545,O0043,135,3,0,0,0,0,1237,14
2026-07-25 14:35:44.238545,O0043,0,0,0,0,0,0,1472,98
2026-08-23 14:35:44.238545,O0044,467,19,4,1,1273,0,1222,44
2026-08-22 14:35:44.238545,O0044,67,4,0,0,0,0,1395,70
2026-08-21 14:35:44.238545,O0044,375,12,1,1,1114,0,1340,89
2026-08-20 14:35:44.238545,O0044,155,4,1,0,0,0,1210,89
2026-08-19 14:35:44.238545,O0044,273,14,1,0,0,0,1161,18
2026-08-18 14:35:44.238545,O0044,155,6,1,0,0,0,1406,97
2026-08-17 14:35:44.238545,O0044,241,15,2,0,0,0,2062,52
2026-08-16 14:35:44.238545,O0044,163,3,0,0,0,0,1419,7
2026-08-15 14:35:44.238545,O0044,196,7,1,0,0,0,1911,54
2026-08-14 14:35:44.238545,O0044,101,1,0,0,0,0,2127,39
2026-08-13 14:35:44.238545,O0044,156,3,0,0,0,0,1873,16
2026-08-12 14:35:44.238545,O0044,176,4,0,0,0,0,2339,9
2026-08-11 14:35:44.238545,O0044,221,5,0,0,0,0,1437,6
2026-08-10 14:35:44.238545,O0044,222,4,0,0,0,0,1842,77
2026-08-09 14:35:44.238545,O0044,194,5,0,0,0,0,1233,27
2026-08-08 14:35:44.238545,O0044,56,1,0,0,0,0,1166,30
2026-08-07 14:35:44.238545,O0044,150,12,1,0,0,0,1193,6
2026-08-06 14:35:44.238545,O0044,94,6,1,0,0,0,1915,64
2026-08-05 14:35:44.238545,O0044,231,14,1,0,0,0,2481,12
2026-08-04 14:35:44.238545,O0044,86,5,0,0,0,0,1148,75
2026-08-03 14:35:44.238545,O0044,209,4,0,0,0,0,1410,87
2026-08-02 14:35:44.238545,O0044,0,0,0,0,0,0,2495,83
2026-08-01 14:35:44.238545,O0044,270,15,3,0,0,0,2346,83
2026-07-31 14:35:44.238545,O0044,27,0,0,0,0,0,1837,79
2026-07-30 14:35:44.238545,O0044,239,6,1,0,0,0,1589,26
2026-07-29 14:35:44.238545,O0044,302,11,2,0,0,0,1299,1
2026-07-28 14:35:44.238545,O0044,293,18,0,0,0,0,2121,12
2026-07-27 14:35:44.238545,O0044,127,5,0,0,0,0,1844,45
2026-07-26 14:35:44.238545,O0044,227,10,1,0,0,0,1624,97
2026-07-25 14:35:44.238545,O0044,273,6,1,0,0,0,2099,5
2026-08-23 14:35:44.238545,O0045,274,6,0,0,0,0,2052,13
2026-08-22 14:35:44.238545,O0045,305,16,4,0,0,0,1508,51
2026-08-21 14:35:44.238545,O0045,142,7,1,0,0,0,2075,14
2026-08-20 14:35:44.238545,O0045,175,7,1,0,0,0,1537,40
2026-08-19 14:35:44.238545,O0045,0,0,0,0,0,0,1980,60
2026-08-18 14:35:44.238545,O0045,194,9,2,0,0,0,1652,32
2026-08-17 14:35:44.238545,O0045,155,5,1,0,0,0,2558,57
2026-08-16 14:35:44.238545,O0045,255,6,0,0,0,0,1289,54
2026-08-15 14:35:44.238545,O0045,97,5,0,0,0,0,2086,60
2026-08-14 14:35:44.238545,O0045,26,0,0,0,0,0,2268,49
2026-08-13 14:35:44.238545,O0045,231,5,0,0,0,0,2467,74
2026-08-12 14:35:44.238545,O0045,120,3,0,0,0,0,1129,19
2026-08-11 14:35:44.238545,O0045,346,6,0,0,0,0,1932,33
2026-08-10 14:35:44.238545,O0045,172,6,0,0,0,0,2399,57
2026-08-09 14:35:44.238545,O0045,103,2,0,0,0,0,1960,89
2026-08-08 14:35:44.238545,O0045,128,4,0,0,0,0,2491,73
2026-08-07 14:35:44.238545,O0045,263,9,1,0,0,0,2128,15
2026-08-06 14:35:44.238545,O0045,139,2,0,0,0,0,2210,54
2026-08-05 14:35:44.238545,O0045,28,1,0,0,0,0,1864,22
2026-08-04 14:35:44.238545,O0045,129,4,0,0,0,0,2510,87
2026-08-03 14:35:44.238545,O0045,112,5,0,0,0,0,1279,13
2026-08-02 14:35:44.238545,O0045,193,8,1,0,0,0,2215,12
2026-08-01 14:35:44.238545,O0045,108,2,0,0,0,0,1533,28
2026-07-31 14:35:44.238545,O0045,199,4,0,0,0,0,1818,59
2026-07-30 14:35:44.238545,O0045,37,2,0,0,0,0,1867,100
2026-07-29 14:35:44.238545,O0045,191,9,1,0,0,0,2478,30
2026-07-28 14:35:44.238545,O0045,377,15,2,0,0,0,2162,94
2026-07-27 14:35:44.238545,O0045,114,3,1,0,0,0,2238,50
2026-07-26 14:35:44.238545,O0045,225,13,2,0,0,0,1978,16
2026-07-25 14:35:44.238545,O0045,263,9,1,0,0,0,2159,20
2026-08-23 14:35:44.238545,O0046,138,6,1,0,0,0,1602,92
2026-08-22 14:35:44.238545,O0046,209,2,0,0,0,0,1269,18
2026-08-21 14:35:44.238545,O0046,90,2,0,0,0,0,2320,15
2026-08-20 14:35:44.238545,O0046,237,11,1,0,0,0,1840,26
2026-08-19 14:35:44.238545,O0046,99,5,0,0,0,0,1256,26
2026-08-18 14:35:44.238545,O0046,146,3,0,0,0,0,1468,38
2026-08-17 14:35:44.238545,O0046,236,9,0,0,0,0,1340,43
2026-08-16 14:35:44.238545,O0046,283,11,1,0,0,0,2168,94
2026-08-15 14:35:44.238545,O0046,178,8,0,0,0,0,2148,97
2026-08-14 14:35:44.238545,O0046,284,18,3,1,1670,0,1270,93
2026-08-13 14:35:44.238545,O0046,163,5,0,0,0,0,1813,90
2026-08-12 14:35:44.238545,O0046,108,3,0,0,0,0,1919,24
2026-08-11 14:35:44.238545,O0046,179,8,1,0,0,0,1310,74
2026-08-10 14:35:44.238545,O0046,212,4,0,0,0,0,2099,55
2026-08-09 14:35:44.238545,O0046,250,7,1,0,0,0,1320,77
2026-08-08 14:35:44.238545,O0046,135,6,0,0,0,0,2020,21
2026-08-07 14:35:44.238545,O0046,354,5,0,0,0,0,2421,67
2026-08-06 14:35:44.238545,O0046,166,7,1,0,0,0,1832,31
2026-08-05 14:35:44.238545,O0046,298,14,1,1,1250,1,2509,1
2026-08-04 14:35:44.238545,O0046,167,4,0,0,0,0,2250,8
2026-08-03 14:35:44.238545,O0046,88,4,0,0,0,0,2566,77
2026-08-02 14:35:44.238545,O0046,334,10,1,0,0,0,1963,87
2026-08-01 14:35:44.238545,O0046,183,4,0,0,0,0,2121,5
2026-07-31 14:35:44.238545,O0046,273,10,1,0,0,0,2310,49
2026-07-30 14:35:44.238545,O0046,181,7,1,0,0,0,1109,59
2026-07-29 14:35:44.238545,O0046,142,9,0,0,0,0,1180,43
2026-07-28 14:35:44.238545,O0046,159,5,1,0,0,0,1716,35
2026-07-27 14:35:44.238545,O0046,146,7,1,0,0,0,2354,6
2026-07-26 14:35:44.238545,O0046,71,3,0,0,0,0,1865,79
2026-07-25 14:35:44.238545,O0046,231,10,1,0,0,0,2508,92
2026-08-23 14:35:44.238545,O0047,136,5,0,0,0,0,2103,35
2026-08-22 14:35:44.238545,O0047,116,7,1,0,0,0,2556,10
2026-08-21 14:35:44.238545,O0047,76,4,0,0,0,0,2523,9
2026-08-20 14:35:44.238545,O0047,273,13,2,1,1958,0,1484,62
2026-08-19 14:35:44.238545,O0047,228,10,0,0,0,0,1738,90
2026-08-18 14:35:44.238545,O0047,130,5,0,0,0,0,1844,49
2026-08-17 14:35:44.238545,O0047,358,12,0,0,0,0,1240,35
2026-08-16 14:35:44.238545,O0047,58,2,0,0,0,0,1401,59
2026-08-15 14:35:44.238545,O0047,285,6,1,0,0,0,1646,3
2026-08-14 14:35:44.238545,O0047,70,2,0,0,0,0,1272,45
2026-08-13 14:35:44.238545,O0047,133,5,0,0,0,0,2003,34
2026-08-12 14:35:44.238545,O0047,160,6,0,0,0,0,1702,24
2026-08-11 14:35:44.238545,O0047,81,4,0,0,0,0,1323,87
2026-08-10 14:35:44.238545,O0047,244,10,1,0,0,0,2278,34
2026-08-09 14:35:44.238545,O0047,187,10,1,1,2432,0,1902,50
2026-08-08 14:35:44.238545,O0047,297,16,3,0,0,0,1450,100
2026-08-07 14:35:44.238545,O0047,216,13,1,0,0,0,1293,23
2026-08-06 14:35:44.238545,O0047,40,1,0,0,0,0,1588,21
2026-08-05 14:35:44.238545,O0047,166,7,1,0,0,0,1126,85
2026-08-04 14:35:44.238545,O0047,99,4,0,0,0,0,1449,86
2026-08-03 14:35:44.238545,O0047,180,6,0,0,0,0,2100,31
2026-08-02 14:35:44.238545,O0047,153,6,1,0,0,0,1567,67
2026-08-01 14:35:44.238545,O0047,29,1,0,0,0,0,2026,62
2026-07-31 14:35:44.238545,O0047,154,0,0,0,0,0,2039,1
2026-07-30 14:35:44.238545,O0047,215,6,0,0,0,0,2320,61
2026-07-29 14:35:44.238545,O0047,283,15,2,0,0,0,1551,84
2026-07-28 14:35:44.238545,O0047,264,10,2,0,0,0,1982,46
2026-07-27 14:35:44.238545,O0047,190,8,1,0,0,0,1660,80
2026-07-26 14:35:44.238545,O0047,96,1,0,0,0,0,1458,33
2026-07-25 14:35:44.238545,O0047,250,8,0,0,0,0,1733,24
2026-08-23 14:35:44.238545,O0048,252,11,0,0,0,0,1202,32
2026-08-22 14:35:44.238545,O0048,299,18,3,0,0,0,1417,11
2026-08-21 14:35:44.238545,O0048,168,5,0,0,0,0,1695,28
2026-08-20 14:35:44.238545,O0048,384,18,2,1,1791,0,1300,33
2026-08-19 14:35:44.238545,O0048,286,8,1,0,0,0,2284,17
2026-08-18 14:35:44.238545,O0048,155,4,0,0,0,0,1724,10
2026-08-17 14:35:44.238545,O0048,119,8,0,0,0,0,1296,17
2026-08-16 14:35:44.238545,O0048,43,1,0,0,0,0,2059,45
2026-08-15 14:35:44.238545,O0048,95,4,0,0,0,0,1154,98
2026-08-14 14:35:44.238545,O0048,47,2,0,0,0,0,2288,65
2026-08-13 14:35:44.238545,O0048,92,5,1,0,0,0,1904,16
2026-08-12 14:35:44.238545,O0048,171,7,1,0,0,0,1211,10
2026-08-11 14:35:44.238545,O0048,339,16,2,0,0,0,1695,72
2026-08-10 14:35:44.238545,O0048,99,4,1,0,0,0,2146,94
2026-08-09 14:35:44.238545,O0048,151,2,0,0,0,0,1379,28
2026-08-08 14:35:44.238545,O0048,281,7,1,0,0,0,1113,62
2026-08-07 14:35:44.238545,O0048,137,4,0,0,0,0,2164,12
2026-08-06 14:35:44.238545,O0048,180,8,1,0,0,0,1213,15
2026-08-05 14:35:44.238545,O0048,148,8,1,0,0,0,1633,78
2026-08-04 14:35:44.238545,O0048,105,1,0,0,0,0,1144,23
2026-08-03 14:35:44.238545,O0048,273,16,2,1,2432,0,2075,61
2026-08-02 14:35:44.238545,O0048,146,8,1,0,0,0,1663,50
2026-08-01 14:35:44.238545,O0048,58,3,0,0,0,0,1157,36
2026-07-31 14:35:44.238545,O0048,68,3,0,0,0,0,2432,84
2026-07-30 14:35:44.238545,O0048,160,5,1,0,0,0,2580,58
2026-07-29 14:35:44.238545,O0048,137,11,0,1,2030,0,2546,67
2026-07-28 14:35:44.238545,O0048,154,6,0,0,0,0,2253,43
2026-07-27 14:35:44.238545,O0048,7,0,0,0,0,0,1720,50
2026-07-26 14:35:44.238545,O0048,336,17,0,1,2240,0,2279,90
2026-07-25 14:35:44.238545,O0048,319,9,1,0,0,0,2305,74
2026-08-23 14:35:44.238545,O0049,98,4,0,0,0,0,1757,13
2026-08-22 14:35:44.238545,O0049,152,3,0,0,0,0,1500,32
2026-08-21 14:35:44.238545,O0049,44,1,0,0,0,0,2182,24
2026-08-20 14:35:44.238545,O0049,197,8,1,0,0,0,1387,0
2026-08-19 14:35:44.238545,O0049,121,6,0,0,0,0,2497,93
2026-08-18 14:35:44.238545,O0049,320,10,1,0,0,0,2268,60
2026-08-17 14:35:44.238545,O0049,95,3,0,0,0,0,1998,54
2026-08-16 14:35:44.238545,O0049,50,0,0,0,0,0,1710,12
2026-08-15 14:35:44.238545,O0049,228,10,1,0,0,0,1693,32
2026-08-14 14:35:44.238545,O0049,114,5,0,0,0,0,1253,68
2026-08-13 14:35:44.238545,O0049,23,0,0,0,0,0,2366,7
2026-08-12 14:35:44.238545,O0049,0,0,0,0,0,0,2437,3
2026-08-11 14:35:44.238545,O0049,272,11,2,1,1121,0,2220,93
2026-08-10 14:35:44.238545,O0049,107,6,1,0,0,0,1249,72
2026-08-09 14:35:44.238545,O0049,295,7,1,0,0,0,1952,76
2026-08-08 14:35:44.238545,O0049,166,0,0,0,0,0,1654,92
2026-08-07 14:35:44.238545,O0049,203,8,0,0,0,0,2078,38
2026-08-06 14:35:44.238545,O0049,216,2,0,0,0,0,1501,68
2026-08-05 14:35:44.238545,O0049,111,3,0,0,0,0,1206,49
2026-08-04 14:35:44.238545,O0049,193,3,0,0,0,0,1336,56
2026-08-03 14:35:44.238545,O0049,271,14,2,0,0,0,1994,7
2026-08-02 14:35:44.238545,O0049,182,8,1,0,0,0,2263,5
2026-08-01 14:35:44.238545,O0049,195,7,0,0,0,0,1216,16
2026-07-31 14:35:44.238545,O0049,112,4,0,0,0,0,1698,16
2026-07-30 14:35:44.238545,O0049,99,2,0,0,0,0,2213,26
2026-07-29 14:35:44.238545,O0049,33,1,0,0,0,0,2008,91
2026-07-28 14:35:44.238545,O0049,152,8,0,0,0,0,2178,34
2026-07-27 14:35:44.238545,O0049,132,7,1,0,0,0,2544,79
2026-07-26 14:35:44.238545,O0049,143,5,1,0,0,0,1572,39
2026-07-25 14:35:44.238545,O0049,176,5,0,0,0,0,1173,30
2026-08-23 14:35:44.238545,O0050,92,5,0,0,0,0,1156,43
2026-08-22 14:35:44.238545,O0050,160,3,0,0,0,0,1323,70
2026-08-21 14:35:44.238545,O0050,70,3,0,0,0,0,2049,54
2026-08-20 14:35:44.238545,O0050,75,2,0,0,0,0,2057,95
2026-08-19 14:35:44.238545,O0050,246,9,1,0,0,0,1661,10
2026-08-18 14:35:44.238545,O0050,334,13,1,1,1079,0,1840,34
2026-08-17 14:35:44.238545,O0050,95,1,0,0,0,0,1728,72
2026-08-16 14:35:44.238545,O0050,89,1,0,0,0,0,2000,1
2026-08-15 14:35:44.238545,O0050,0,0,0,0,0,0,1936,7
2026-08-14 14:35:44.238545,O0050,147,5,1,0,0,0,2002,23
2026-08-13 14:35:44.238545,O0050,172,11,1,1,1465,0,1400,79
2026-08-12 14:35:44.238545,O0050,143,4,0,0,0,0,2001,74
2026-08-11 14:35:44.238545,O0050,133,7,1,0,0,0,1627,2
2026-08-10 14:35:44.238545,O0050,102,1,0,0,0,0,1580,44
2026-08-09 14:35:44.238545,O0050,262,13,2,0,0,0,1767,73
2026-08-08 14:35:44.238545,O0050,64,3,0,0,0,0,1393,3
2026-08-07 14:35:44.238545,O0050,106,6,0,0,0,0,1867,60
2026-08-06 14:35:44.238545,O0050,250,8,1,0,0,0,1407,75
2026-08-05 14:35:44.238545,O0050,301,13,2,0,0,0,2290,91
2026-08-04 14:35:44.238545,O0050,145,7,1,0,0,0,1407,48
2026-08-03 14:35:44.238545,O0050,190,3,0,0,0,0,2257,64
2026-08-02 14:35:44.238545,O0050,306,12,1,0,0,0,2180,6
2026-08-01 14:35:44.238545,O0050,76,1,0,0,0,0,2278,37
2026-07-31 14:35:44.238545,O0050,248,8,1,0,0,0,2033,40
2026-07-30 14:35:44.238545,O0050,179,5,0,0,0,0,1841,10
2026-07-29 14:35:44.238545,O0050,116,6,1,0,0,0,1571,57
2026-07-28 14:35:44.238545,O0050,194,5,1,0,0,0,1601,99
2026-07-27 14:35:44.238545,O0050,293,8,0,0,0,0,1799,40
2026-07-26 14:35:44.238545,O0050,248,12,1,0,0,0,2395,98
2026-07-25 14:35:44.238545,O0050,198,9,1,0,0,0,1639,97
2026-08-23 14:35:44.238545,O0051,92,4,0,0,0,0,2077,89
2026-08-22 14:35:44.238545,O0051,217,10,1,0,0,0,1271,19
2026-08-21 14:35:44.238545,O0051,275,7,0,0,0,0,1756,56
2026-08-20 14:35:44.238545,O0051,244,15,2,1,1475,0,1798,6
2026-08-19 14:35:44.238545,O0051,3,0,0,0,0,0,1684,41
2026-08-18 14:35:44.238545,O0051,66,3,0,0,0,0,1531,55
2026-08-17 14:35:44.238545,O0051,63,2,0,0,0,0,1439,15
2026-08-16 14:35:44.238545,O0051,155,8,1,0,0,0,2341,96
2026-08-15 14:35:44.238545,O0051,231,10,1,0,0,0,2141,96
2026-08-14 14:35:44.238545,O0051,239,13,3,0,0,0,1499,0
2026-08-13 14:35:44.238545,O0051,13,0,0,0,0,0,1973,93
2026-08-12 14:35:44.238545,O0051,136,5,0,0,0,0,2546,15
2026-08-11 14:35:44.238545,O0051,90,4,0,0,0,0,2598,85
2026-08-10 14:35:44.238545,O0051,242,11,2,0,0,0,1252,41
2026-08-09 14:35:44.238545,O0051,224,11,0,0,0,0,1251,90
2026-08-08 14:35:44.238545,O0051,107,1,0,0,0,0,2167,40
2026-08-07 14:35:44.238545,O0051,222,12,2,0,0,0,2384,1
2026-08-06 14:35:44.238545,O0051,183,10,1,0,0,0,1643,60
2026-08-05 14:35:44.238545,O0051,275,17,2,0,0,0,2400,11
2026-08-04 14:35:44.238545,O0051,349,10,1,0,0,0,2104,71
2026-08-03 14:35:44.238545,O0051,71,1,0,0,0,0,1878,80
2026-08-02 14:35:44.238545,O0051,69,2,0,0,0,0,1714,29
2026-08-01 14:35:44.238545,O0051,274,6,0,0,0,0,1831,69
2026-07-31 14:35:44.238545,O0051,139,5,1,0,0,0,1959,57
2026-07-30 14:35:44.238545,O0051,119,7,1,0,0,0,2452,14
2026-07-29 14:35:44.238545,O0051,127,6,1,0,0,0,2330,52
2026-07-28 14:35:44.238545,O0051,171,6,0,0,0,0,1224,71
2026-07-27 14:35:44.238545,O0051,189,5,0,0,0,0,1970,51
2026-07-26 14:35:44.238545,O0051,177,7,0,0,0,0,1193,39
2026-07-25 14:35:44.238545,O0051,119,5,1,0,0,0,1325,78
2026-08-23 14:35:44.238545,O0052,180,7,1,0,0,0,1309,64
2026-08-22 14:35:44.238545,O0052,96,4,0,0,0,0,2393,98
2026-08-21 14:35:44.238545,O0052,171,6,0,0,0,0,2442,51
2026-08-20 14:35:44.238545,O0052,280,16,2,1,1151,0,2540,97
2026-08-19 14:35:44.238545,O0052,178,6,0,0,0,0,1295,94
2026-08-18 14:35:44.238545,O0052,103,3,0,0,0,0,1970,65
2026-08-17 14:35:44.238545,O0052,176,4,0,0,0,0,2280,60
2026-08-16 14:35:44.238545,O0052,111,5,0,0,0,0,2089,36
2026-08-15 14:35:44.238545,O0052,272,8,1,0,0,0,2590,50
2026-08-14 14:35:44.238545,O0052,325,10,1,0,0,0,1150,50
2026-08-13 14:35:44.238545,O0052,193,4,0,0,0,0,1780,18
2026-08-12 14:35:44.238545,O0052,269,1,0,0,0,0,2315,31
2026-08-11 14:35:44.238545,O0052,259,12,2,0,0,0,1576,7
2026-08-10 14:35:44.238545,O0052,187,5,0,0,0,0,1174,41
2026-08-09 14:35:44.238545,O0052,134,2,0,0,0,0,2251,62
2026-08-08 14:35:44.238545,O0052,105,3,0,0,0,0,2089,65
2026-08-07 14:35:44.238545,O0052,41,1,0,0,0,0,2532,9
2026-08-06 14:35:44.238545,O0052,72,4,0,0,0,0,1504,56
2026-08-05 14:35:44.238545,O0052,210,7,1,0,0,0,2174,62
2026-08-04 14:35:44.238545,O0052,296,18,2,1,1240,0,1702,92
2026-08-03 14:35:44.238545,O0052,299,8,0,0,0,0,2254,83
2026-08-02 14:35:44.238545,O0052,217,11,1,0,0,0,1860,66
2026-08-01 14:35:44.238545,O0052,99,2,0,0,0,0,1377,21
2026-07-31 14:35:44.238545,O0052,12,0,0,0,0,0,2063,8
2026-07-30 14:35:44.238545,O0052,189,7,1,0,0,0,2201,58
2026-07-29 14:35:44.238545,O0052,164,7,0,0,0,0,2403,71
2026-07-28 14:35:44.238545,O0052,241,7,1,0,0,0,1972,74
2026-07-27 14:35:44.238545,O0052,168,4,0,0,0,0,2208,82
2026-07-26 14:35:44.238545,O0052,160,5,1,0,0,0,1465,33
2026-07-25 14:35:44.238545,O0052,136,5,0,0,0,0,1776,73
2026-08-23 14:35:44.238545,O0053,138,7,0,0,0,0,1440,81
2026-08-22 14:35:44.238545,O0053,251,4,0,0,0,0,2523,100
2026-08-21 14:35:44.238545,O0053,179,8,1,0,0,0,1151,46
2026-08-20 14:35:44.238545,O0053,274,5,0,0,0,0,2246,24
2026-08-19 14:35:44.238545,O0053,138,6,0,0,0,0,1839,67
2026-08-18 14:35:44.238545,O0053,220,12,1,1,1519,0,1126,77
2026-08-17 14:35:44.238545,O0053,161,9,1,0,0,0,2542,32
2026-08-16 14:35:44.238545,O0053,175,7,1,0,0,0,2064,77
2026-08-15 14:35:44.238545,O0053,109,2,0,0,0,0,1312,4
2026-08-14 14:35:44.238545,O0053,95,5,0,0,0,0,1369,10
2026-08-13 14:35:44.238545,O0053,27,1,0,0,0,0,1743,12
2026-08-12 14:35:44.238545,O0053,225,6,1,0,0,0,1781,86
2026-08-11 14:35:44.238545,O0053,225,6,0,0,0,0,2578,46
2026-08-10 14:35:44.238545,O0053,0,0,0,0,0,0,1225,8
2026-08-09 14:35:44.238545,O0053,233,14,2,1,1353,0,1664,77
2026-08-08 14:35:44.238545,O0053,213,12,2,1,1006,0,2248,44
2026-08-07 14:35:44.238545,O0053,254,13,2,0,0,0,1280,14
2026-08-06 14:35:44.238545,O0053,229,8,1,0,0,0,1141,98
2026-08-05 14:35:44.238545,O0053,186,7,0,0,0,0,1605,39
2026-08-04 14:35:44.238545,O0053,247,5,0,0,0,0,1735,6
2026-08-03 14:35:44.238545,O0053,126,6,0,0,0,0,1562,24
2026-08-02 14:35:44.238545,O0053,171,8,1,0,0,0,1641,11
2026-08-01 14:35:44.238545,O0053,61,2,0,0,0,0,2392,87
2026-07-31 14:35:44.238545,O0053,192,6,1,0,0,0,2264,26
2026-07-30 14:35:44.238545,O0053,275,10,1,0,0,0,1524,43
2026-07-29 14:35:44.238545,O0053,146,3,0,0,0,0,2151,98
2026-07-28 14:35:44.238545,O0053,195,9,1,1,2058,0,1481,60
2026-07-27 14:35:44.238545,O0053,256,14,1,1,2205,0,1760,89
2026-07-26 14:35:44.238545,O0053,247,12,2,0,0,0,1785,43
2026-07-25 14:35:44.238545,O0053,155,5,1,0,0,0,2219,23
2026-08-23 14:35:44.238545,O0054,65,1,0,0,0,0,1385,16
2026-08-22 14:35:44.238545,O0054,97,1,0,0,0,0,1808,58
2026-08-21 14:35:44.238545,O0054,100,5,0,0,0,0,1717,39
2026-08-20 14:35:44.238545,O0054,237,10,1,0,0,0,1415,87
2026-08-19 14:35:44.238545,O0054,33,1,0,0,0,0,2064,70
2026-08-18 14:35:44.238545,O0054,126,2,0,0,0,0,2546,31
2026-08-17 14:35:44.238545,O0054,183,6,1,0,0,0,1918,98
2026-08-16 14:35:44.238545,O0054,145,7,0,0,0,0,1906,68
2026-08-15 14:35:44.238545,O0054,273,12,1,0,0,0,2346,22
2026-08-14 14:35:44.238545,O0054,189,4,0,0,0,0,2327,96
2026-08-13 14:35:44.238545,O0054,151,6,1,0,0,0,1532,38
2026-08-12 14:35:44.238545,O0054,104,4,0,0,0,0,1737,49
2026-08-11 14:35:44.238545,O0054,133,3,0,0,0,0,1434,50
2026-08-10 14:35:44.238545,O0054,109,1,0,0,0,0,2600,12
2026-08-09 14:35:44.238545,O0054,128,3,0,0,0,0,2276,64
2026-08-08 14:35:44.238545,O0054,106,5,0,0,0,0,1965,98
2026-08-07 14:35:44.238545,O0054,269,12,1,0,0,0,2128,47
2026-08-06 14:35:44.238545,O0054,207,3,0,0,0,0,1466,54
2026-08-05 14:35:44.238545,O0054,93,3,0,0,0,0,2549,75
2026-08-04 14:35:44.238545,O0054,174,10,0,0,0,0,1199,59
2026-08-03 14:35:44.238545,O0054,170,8,0,0,0,0,2505,47
2026-08-02 14:35:44.238545,O0054,178,9,1,1,2111,0,1700,45
2026-08-01 14:35:44.238545,O0054,95,4,0,0,0,0,1831,93
2026-07-31 14:35:44.238545,O0054,323,14,2,1,1193,0,1396,81
2026-07-30 14:35:44.238545,O0054,0,0,0,0,0,0,1599,93
2026-07-29 14:35:44.238545,O0054,230,5,1,0,0,0,1400,77
2026-07-28 14:35:44.238545,O0054,306,11,2,0,0,0,1261,43
2026-07-27 14:35:44.238545,O0054,314,9,1,0,0,0,2577,83
2026-07-26 14:35:44.238545,O0054,178,6,1,0,0,0,2269,33
2026-07-25 14:35:44.238545,O0054,304,11,0,0,0,0,1200,47
2026-08-23 14:35:44.238545,O0055,235,5,0,0,0,0,2074,71
2026-08-22 14:35:44.238545,O0055,261,10,1,0,0,0,2121,26
2026-08-21 14:35:44.238545,O0055,126,4,0,0,0,0,2270,10
2026-08-20 14:35:44.238545,O0055,101,2,0,0,0,0,1856,38
2026-08-19 14:35:44.238545,O0055,159,8,1,0,0,0,2297,21
2026-08-18 14:35:44.238545,O0055,97,2,0,0,0,0,2239,95
2026-08-17 14:35:44.238545,O0055,114,4,0,0,0,0,1352,12
2026-08-16 14:35:44.238545,O0055,130,6,1,0,0,0,1921,70
2026-08-15 14:35:44.238545,O0055,53,2,0,0,0,0,1843,80
2026-08-14 14:35:44.238545,O0055,327,19,4,0,0,0,2128,68
2026-08-13 14:35:44.238545,O0055,117,4,0,0,0,0,2020,20
2026-08-12 14:35:44.238545,O0055,229,8,1,0,0,0,2050,83
2026-08-11 14:35:44.238545,O0055,272,18,1,1,1856,0,2403,3
2026-08-10 14:35:44.238545,O0055,143,4,0,0,0,0,2268,93
2026-08-09 14:35:44.238545,O0055,163,6,0,0,0,0,2066,87
2026-08-08 14:35:44.238545,O0055,252,12,1,0,0,0,1897,70
2026-08-07 14:35:44.238545,O0055,121,4,0,0,0,0,1590,22
2026-08-06 14:35:44.238545,O0055,40,1,0,0,0,0,1163,26
2026-08-05 14:35:44.238545,O0055,91,2,0,0,0,0,1462,59
2026-08-04 14:35:44.238545,O0055,136,5,0,0,0,0,1601,59
2026-08-03 14:35:44.238545,O0055,174,5,0,0,0,0,2164,60
2026-08-02 14:35:44.238545,O0055,202,7,0,0,0,0,2200,15
2026-08-01 14:35:44.238545,O0055,153,3,0,0,0,0,2084,92
2026-07-31 14:35:44.238545,O0055,332,16,3,0,0,0,1844,51
2026-07-30 14:35:44.238545,O0055,157,3,0,0,0,0,1312,18
2026-07-29 14:35:44.238545,O0055,266,5,0,0,0,0,1446,46
2026-07-28 14:35:44.238545,O0055,109,5,1,0,0,0,1641,12
2026-07-27 14:35:44.238545,O0055,113,6,0,0,0,0,1632,43
2026-07-26 14:35:44.238545,O0055,152,8,1,0,0,0,1663,76
2026-07-25 14:35:44.238545,O0055,228,9,1,0,0,0,2254,46
2026-08-23 14:35:44.238545,O0056,150,7,1,0,0,0,1874,62
2026-08-22 14:35:44.238545,O0056,71,1,0,0,0,0,1129,85
2026-08-21 14:35:44.238545,O0056,257,9,1,0,0,0,2346,99
2026-08-20 14:35:44.238545,O0056,173,5,0,0,0,0,2407,1
2026-08-19 14:35:44.238545,O0056,273,4,0,0,0,0,1514,46
2026-08-18 14:35:44.238545,O0056,133,3,0,0,0,0,1655,70
2026-08-17 14:35:44.238545,O0056,349,11,1,0,0,0,2014,72
2026-08-16 14:35:44.238545,O0056,113,4,0,0,0,0,1601,29
2026-08-15 14:35:44.238545,O0056,143,3,0,0,0,0,1668,11
2026-08-14 14:35:44.238545,O0056,173,2,0,0,0,0,2170,38
2026-08-13 14:35:44.238545,O0056,240,10,0,0,0,0,1301,68
2026-08-12 14:35:44.238545,O0056,201,7,1,0,0,0,1338,56
2026-08-11 14:35:44.238545,O0056,231,10,1,0,0,0,1714,72
2026-08-10 14:35:44.238545,O0056,275,11,2,0,0,0,2416,24
2026-08-09 14:35:44.238545,O0056,71,2,0,0,0,0,1933,76
2026-08-08 14:35:44.238545,O0056,163,9,1,0,0,0,2421,38
2026-08-07 14:35:44.238545,O0056,170,9,0,0,0,0,1732,80
2026-08-06 14:35:44.238545,O0056,0,0,0,0,0,0,2143,60
2026-08-05 14:35:44.238545,O0056,123,4,0,0,0,0,2007,43
2026-08-04 14:35:44.238545,O0056,107,2,0,0,0,0,1536,39
2026-08-03 14:35:44.238545,O0056,100,3,0,0,0,0,2348,26
2026-08-02 14:35:44.238545,O0056,132,4,0,0,0,0,1423,78
2026-08-01 14:35:44.238545,O0056,138,3,0,0,0,0,1953,99
2026-07-31 14:35:44.238545,O0056,170,4,0,0,0,0,1859,18
2026-07-30 14:35:44.238545,O0056,129,8,1,0,0,0,1971,72
2026-07-29 14:35:44.238545,O0056,106,5,0,0,0,0,1824,82
2026-07-28 14:35:44.238545,O0056,263,1,0,0,0,0,1514,26
2026-07-27 14:35:44.238545,O0056,143,4,0,0,0,0,1883,41
2026-07-26 14:35:44.238545,O0056,42,1,0,0,0,0,1661,13
2026-07-25 14:35:44.238545,O0056,227,9,1,0,0,0,2062,5
2026-08-23 14:35:44.238545,O0057,236,4,0,0,0,0,2556,94
2026-08-22 14:35:44.238545,O0057,111,7,1,0,0,0,1477,41
2026-08-21 14:35:44.238545,O0057,81,3,0,0,0,0,1630,32
2026-08-20 14:35:44.238545,O0057,13,0,0,0,0,0,1911,62
2026-08-19 14:35:44.238545,O0057,230,2,0,0,0,0,1133,72
2026-08-18 14:35:44.238545,O0057,158,6,0,0,0,0,2107,36
2026-08-17 14:35:44.238545,O0057,66,2,0,0,0,0,1330,68
2026-08-16 14:35:44.238545,O0057,238,13,2,0,0,0,2349,83
2026-08-15 14:35:44.238545,O0057,330,12,2,0,0,0,2053,57
2026-08-14 14:35:44.238545,O0057,402,3,0,0,0,0,2426,73
2026-08-13 14:35:44.238545,O0057,121,6,0,0,0,0,1143,51
2026-08-12 14:35:44.238545,O0057,170,6,0,0,0,0,1760,54
2026-08-11 14:35:44.238545,O0057,283,18,1,0,0,0,2037,83
2026-08-10 14:35:44.238545,O0057,101,1,0,0,0,0,2281,19
2026-08-09 14:35:44.238545,O0057,199,9,1,0,0,0,2332,5
2026-08-08 14:35:44.238545,O0057,200,4,0,0,0,0,1571,84
2026-08-07 14:35:44.238545,O0057,199,10,1,0,0,0,1827,3
2026-08-06 14:35:44.238545,O0057,305,19,1,1,1768,1,1527,48
2026-08-05 14:35:44.238545,O0057,272,12,2,1,2208,0,1290,22
2026-08-04 14:35:44.238545,O0057,61,2,0,0,0,0,1346,62
2026-08-03 14:35:44.238545,O0057,175,4,0,0,0,0,1285,64
2026-08-02 14:35:44.238545,O0057,136,6,1,0,0,0,1878,53
2026-08-01 14:35:44.238545,O0057,36,2,0,0,0,0,1989,83
2026-07-31 14:35:44.238545,O0057,66,6,1,0,0,0,2065,2
2026-07-30 14:35:44.238545,O0057,248,9,1,0,0,0,1609,22
2026-07-29 14:35:44.238545,O0057,136,5,1,0,0,0,1225,76
2026-07-28 14:35:44.238545,O0057,238,2,0,0,0,0,1422,53
2026-07-27 14:35:44.238545,O0057,278,19,4,0,0,0,1471,46
2026-07-26 14:35:44.238545,O0057,211,7,1,0,0,0,1926,80
2026-07-25 14:35:44.238545,O0057,59,3,0,0,0,0,1779,3
2026-08-23 14:35:44.238545,O0058,132,3,0,0,0,0,2109,95
2026-08-22 14:35:44.238545,O0058,237,5,1,0,0,0,1561,84
2026-08-21 14:35:44.238545,O0058,214,9,0,0,0,0,1611,28
2026-08-20 14:35:44.238545,O0058,179,11,1,1,1946,0,2164,66
2026-08-19 14:35:44.238545,O0058,14,0,0,0,0,0,1867,84
2026-08-18 14:35:44.238545,O0058,269,15,3,0,0,0,2394,6
2026-08-17 14:35:44.238545,O0058,248,1,0,0,0,0,1431,50
2026-08-16 14:35:44.238545,O0058,128,7,0,0,0,0,2282,51
2026-08-15 14:35:44.238545,O0058,120,5,0,0,0,0,1672,83
2026-08-14 14:35:44.238545,O0058,203,1,0,0,0,0,1798,62
2026-08-13 14:35:44.238545,O0058,193,4,1,0,0,0,1638,8
2026-08-12 14:35:44.238545,O0058,198,4,0,0,0,0,1565,58
2026-08-11 14:35:44.238545,O0058,201,6,0,0,0,0,1728,57
2026-08-10 14:35:44.238545,O0058,0,0,0,0,0,0,1473,50
2026-08-09 14:35:44.238545,O0058,259,3,0,0,0,0,1554,99
2026-08-08 14:35:44.238545,O0058,325,13,1,1,1310,0,2186,67
2026-08-07 14:35:44.238545,O0058,286,12,0,0,0,0,1441,47
2026-08-06 14:35:44.238545,O0058,253,14,1,0,0,0,2566,19
2026-08-05 14:35:44.238545,O0058,0,0,0,0,0,0,1920,37
2026-08-04 14:35:44.238545,O0058,95,4,0,0,0,0,1378,92
2026-08-03 14:35:44.238545,O0058,182,7,1,0,0,0,1527,93
2026-08-02 14:35:44.238545,O0058,7,0,0,0,0,0,2084,20
2026-08-01 14:35:44.238545,O0058,194,2,0,0,0,0,2423,53
2026-07-31 14:35:44.238545,O0058,134,6,1,0,0,0,1387,51
2026-07-30 14:35:44.238545,O0058,285,16,3,0,0,0,1391,86
2026-07-29 14:35:44.238545,O0058,167,8,0,0,0,0,1310,98
2026-07-28 14:35:44.238545,O0058,109,3,0,0,0,0,2208,95
2026-07-27 14:35:44.238545,O0058,139,4,0,0,0,0,1799,34
2026-07-26 14:35:44.238545,O0058,204,7,1,0,0,0,2055,54
2026-07-25 14:35:44.238545,O0058,21,0,0,0,0,0,1560,66
2026-08-23 14:35:44.238545,O0059,115,5,1,0,0,0,2248,77
2026-08-22 14:35:44.238545,O0059,225,6,0,0,0,0,1186,77
2026-08-21 14:35:44.238545,O0059,313,18,2,0,0,0,1340,97
2026-08-20 14:35:44.238545,O0059,188,11,1,0,0,0,2571,95
2026-08-19 14:35:44.238545,O0059,305,13,1,0,0,0,1176,51
2026-08-18 14:35:44.238545,O0059,228,4,0,0,0,0,1542,72
2026-08-17 14:35:44.238545,O0059,233,13,1,1,1844,0,2593,58
2026-08-16 14:35:44.238545,O0059,220,6,1,0,0,0,1666,57
2026-08-15 14:35:44.238545,O0059,196,5,0,0,0,0,1528,71
2026-08-14 14:35:44.238545,O0059,194,4,0,0,0,0,1452,63
2026-08-13 14:35:44.238545,O0059,230,6,0,0,0,0,1748,39
2026-08-12 14:35:44.238545,O0059,295,16,2,0,0,0,2409,23
2026-08-11 14:35:44.238545,O0059,182,5,1,0,0,0,1996,46
2026-08-10 14:35:44.238545,O0059,186,0,0,0,0,0,1735,64
2026-08-09 14:35:44.238545,O0059,144,3,0,0,0,0,2366,89
2026-08-08 14:35:44.238545,O0059,215,9,1,0,0,0,1928,33
2026-08-07 14:35:44.238545,O0059,229,11,1,0,0,0,1312,94
2026-08-06 14:35:44.238545,O0059,254,2,0,0,0,0,1763,28
2026-08-05 14:35:44.238545,O0059,155,6,0,0,0,0,1153,63
2026-08-04 14:35:44.238545,O0059,202,12,2,1,1901,0,1542,18
2026-08-03 14:35:44.238545,O0059,247,10,2,0,0,0,1948,71
2026-08-02 14:35:44.238545,O0059,69,2,0,0,0,0,1918,80
2026-08-01 14:35:44.238545,O0059,7,0,0,0,0,0,1639,55
2026-07-31 14:35:44.238545,O0059,47,2,0,0,0,0,1257,88
2026-07-30 14:35:44.238545,O0059,298,18,3,1,2102,0,1297,100
2026-07-29 14:35:44.238545,O0059,320,12,1,0,0,0,1566,92
2026-07-28 14:35:44.238545,O0059,98,5,1,0,0,0,2052,34
2026-07-27 14:35:44.238545,O0059,153,5,0,0,0,0,1232,21
2026-07-26 14:35:44.238545,O0059,277,11,0,0,0,0,2546,18
2026-07-25 14:35:44.238545,O0059,257,11,2,0,0,0,2590,3
2026-08-23 14:35:44.238545,O0060,211,10,2,0,0,0,1471,3
2026-08-22 14:35:44.238545,O0060,117,3,0,0,0,0,2275,89
2026-08-21 14:35:44.238545,O0060,264,9,0,0,0,0,1803,23
2026-08-20 14:35:44.238545,O0060,249,11,1,0,0,0,1285,23
2026-08-19 14:35:44.238545,O0060,176,8,0,0,0,0,1795,57
2026-08-18 14:35:44.238545,O0060,181,3,0,0,0,0,1221,87
2026-08-17 14:35:44.238545,O0060,141,6,1,0,0,0,1769,49
2026-08-16 14:35:44.238545,O0060,124,8,0,0,0,0,1453,24
2026-08-15 14:35:44.238545,O0060,110,2,0,0,0,0,2499,19
2026-08-14 14:35:44.238545,O0060,84,2,0,0,0,0,2139,19
2026-08-13 14:35:44.238545,O0060,218,5,0,0,0,0,1738,37
2026-08-12 14:35:44.238545,O0060,286,15,1,0,0,0,2119,24
2026-08-11 14:35:44.238545,O0060,0,0,0,0,0,0,2222,49
2026-08-10 14:35:44.238545,O0060,225,1,0,0,0,0,1848,18
2026-08-09 14:35:44.238545,O0060,190,12,2,1,1733,1,2083,84
2026-08-08 14:35:44.238545,O0060,134,1,0,0,0,0,2441,41
2026-08-07 14:35:44.238545,O0060,278,8,1,0,0,0,2417,25
2026-08-06 14:35:44.238545,O0060,170,8,1,0,0,0,1973,51
2026-08-05 14:35:44.238545,O0060,145,6,1,0,0,0,2091,78
2026-08-04 14:35:44.238545,O0060,99,5,0,0,0,0,2531,7
2026-08-03 14:35:44.238545,O0060,154,6,1,0,0,0,2269,69
2026-08-02 14:35:44.238545,O0060,216,11,1,0,0,0,1888,24
2026-08-01 14:35:44.238545,O0060,113,6,1,0,0,0,2141,67
2026-07-31 14:35:44.238545,O0060,242,6,0,0,0,0,1302,58
2026-07-30 14:35:44.238545,O0060,360,10,1,0,0,0,2114,26
2026-07-29 14:35:44.238545,O0060,68,2,0,0,0,0,1338,37
2026-07-28 14:35:44.238545,O0060,246,9,1,0,0,0,1898,29
2026-07-27 14:35:44.238545,O0060,61,3,0,0,0,0,2373,85
2026-07-26 14:35:44.238545,O0060,169,12,1,0,0,0,1734,26
2026-07-25 14:35:44.238545,O0060,301,9,1,0,0,0,1951,52
